Identifier,Female,Age,Gradespassed15,ReadUrdu16,Financialconditionoverlastyear22,Collectivehouseholdincome112,Ownahouse122,Ownaland123,ClientofnonIslamicinstitution32,RecitingQuran33,Attendingreligiousgatherings34,Consultingreligiouscholar310,ListTreatment,Listexperiment
ID0001,1,45,4,2,4,3,1,1,1,0,1,,1,3
ID0002,1,26,6,2,4,4,1,1,1,4,4,,1,3
ID0003,1,35,3,2,3,3,1,0,1,1,2,0,1,3
ID0004,1,22,,,,,,,,,,,1,
ID0005,0,44,5,1,4,4,1,1,0,3,2,0,1,3
ID0006,0,35,5,2,4,3,1,0,1,2,4,,1,3
ID0007,0,32,2,2,3,4,1,1,0,4,4,0,1,3
ID0008,0,45,8,1,3,3,1,1,1,1,4,,1,3
ID0009,0,29,5,1,3,4,1,1,1,2,1,0,1,3
ID0010,1,33,88,0,2,3,1,1,1,0,4,,1,3
ID0011,1,21,4,1,3,3,0,1,1,0,1,,1,3
ID0012,1,33,1,1,4,4,1,0,0,0,4,0,1,3
ID0013,1,36,5,1,2,4,1,0,1,0,4,,1,3
ID0014,1,38,3,0,4,3,1,0,1,0,1,0,1,3
ID0015,1,37,1,0,4,3,1,0,0,4,4,2,1,2
ID0016,1,52,0,0,3,4,1,1,0,2,4,1,1,3
ID0017,1,27,2,1,3,3,1,1,0,3,1,1,1,2
ID0018,1,50,5,1,3,3,1,1,1,4,1,1,1,2
ID0019,1,46,5,2,2,3,1,1,0,1,4,3,1,2
ID0020,1,45,3,1,3,4,1,1,1,2,3,0,1,2
ID0021,1,45,5,1,4,4,0,1,0,2,2,3,1,3
ID0022,1,47,8,2,3,4,1,1,1,3,1,2,1,2
ID0023,1,42,5,1,4,4,1,0,0,2,1,0,1,2
ID0024,1,28,5,2,3,3,1,0,0,3,3,1,1,3
ID0025,1,50,8,2,3,3,1,1,1,4,3,1,1,2
ID0026,1,36,2,1,2,4,1,1,0,3,2,1,1,2
ID0027,1,38,3,1,3,4,1,0,1,2,2,1,1,2
ID0028,1,54,4,1,3,3,1,1,0,4,4,,1,3
ID0029,1,29,8,2,3,3,1,0,0,2,2,,1,2
ID0030,1,51,8,2,4,4,1,1,0,4,4,2,1,3
ID0031,1,48,0,1,4,4,1,0,0,3,3,1,1,2
ID0032,1,40,88,2,2,3,1,0,0,3,1,2,1,2
ID0033,1,40,5,1,3,4,1,1,1,4,3,,1,3
ID0034,1,48,0,1,3,4,1,1,0,2,2,2,1,2
ID0035,1,38,4,1,3,3,1,1,0,2,2,1,1,2
ID0036,1,37,1,1,2,3,1,0,1,1,1,2,1,2
ID0037,1,37,2,2,3,4,1,1,0,3,1,1,1,2
ID0038,0,29,5,1,3,4,1,1,1,0,1,,0,2
ID0039,0,49,4,1,4,4,1,1,1,2,2,,0,2
ID0040,1,46,0,0,3,3,1,0,1,3,2,,0,2
ID0041,1,45,8,2,3,4,1,0,0,4,1,,0,2
ID0042,1,20,,,,,,,,,,,0,
ID0043,1,22,,,,,,,,,,,0,
ID0044,0,24,10,1,4,4,1,0,1,3,2,,0,2
ID0045,0,38,1,1,4,4,1,0,1,4,4,2,0,2
ID0046,0,45,8,1,4,3,1,0,0,1,3,1,0,2
ID0047,1,49,2,1,3,4,1,1,1,0,2,2,0,2
ID0048,1,35,0,0,3,3,1,0,1,0,2,0,0,2
ID0049,1,57,3,2,3,3,1,0,0,0,1,0,0,2
ID0050,1,43,5,1,4,4,1,1,1,0,1,,0,2
ID0051,1,22,6,1,4,3,1,0,0,0,3,,0,2
ID0052,1,47,0,0,3,4,1,1,0,3,3,2,0,2
ID0053,1,46,4,1,3,4,1,1,1,3,3,,0,2
ID0054,1,35,2,0,4,3,1,1,0,2,2,1,0,2
ID0055,1,40,8,2,3,3,1,0,1,3,2,,0,2
ID0056,1,37,8,2,3,4,1,1,0,2,1,1,0,2
ID0057,1,27,1,1,3,4,1,1,1,4,2,0,0,2
ID0058,1,46,10,2,4,99,1,0,0,2,2,1,0,2
ID0059,1,40,0,1,4,3,1,0,1,1,1,,0,2
ID0060,1,32,8,2,3,4,1,0,1,4,3,1,0,2
ID0061,1,35,0,0,4,4,1,1,0,2,2,0,0,2
ID0062,1,38,5,1,3,4,1,1,0,3,2,2,0,2
ID0063,1,47,6,2,2,3,1,1,1,2,2,0,0,2
ID0064,1,39,12,2,3,4,1,0,0,4,4,1,0,2
ID0065,1,43,5,0,4,3,1,1,0,2,4,3,0,2
ID0066,1,28,4,2,2,3,1,0,1,2,3,2,0,2
ID0067,1,37,10,2,4,3,1,1,1,2,3,0,0,2
ID0068,1,48,1,0,2,4,1,0,0,4,2,1,0,2
ID0069,1,22,8,2,3,3,1,1,1,4,4,,0,2
ID0070,1,47,7,2,4,3,1,0,1,2,1,,0,2
ID0071,1,41,4,1,4,4,0,1,1,3,3,2,0,2
ID0072,1,48,2,2,3,3,1,1,1,2,4,3,0,2
ID0073,1,48,6,1,3,3,1,1,0,3,2,,0,2
ID0074,1,27,3,0,4,4,1,1,0,2,2,1,0,2
ID0075,1,45,1,0,3,4,1,1,0,1,2,1,0,2
ID0076,1,53,0,1,3,3,1,1,1,1,1,1,0,2
ID0077,1,55,2,0,3,2,1,1,1,1,2,0,0,2
ID0078,1,40,2,1,4,3,1,1,1,2,1,2,0,2
ID0079,1,48,3,1,3,3,1,1,0,3,1,2,0,2
ID0080,1,50,4,0,4,4,1,1,0,3,2,,0,2
ID0081,1,25,5,1,3,4,1,1,0,1,1,0,0,2
ID0082,1,35,5,1,3,4,1,1,0,2,2,1,0,2
ID0083,1,43,5,1,4,3,0,1,1,3,2,1,0,2
ID0084,1,40,5,2,3,3,1,1,1,3,3,1,0,2
ID0085,1,38,7,2,3,3,1,1,1,3,2,1,0,2
ID0086,1,54,8,2,3,4,1,0,0,1,4,2,0,2
ID0087,1,24,8,2,4,4,1,1,0,3,1,2,0,2
ID0088,1,44,8,2,3,4,1,1,0,2,1,,0,2
ID0089,1,49,8,2,2,4,1,1,1,3,4,2,0,2
ID0090,1,47,8,2,2,4,1,1,1,1,1,1,0,2
ID0091,1,48,10,2,3,99,1,1,0,1,4,2,0,2
ID0092,1,51,10,2,2,4,1,1,1,1,3,2,0,3
ID0093,1,26,10,2,4,3,1,1,0,3,2,0,0,2
ID0094,1,58,12,2,4,4,1,1,0,4,3,2,0,2
ID0095,1,43,0,1,4,4,1,1,0,3,2,,0,2
ID0096,1,26,0,2,2,99,1,1,0,1,4,2,0,2
ID0097,1,54,0,1,3,4,1,1,1,4,3,,0,2
ID0098,1,22,0,1,2,3,1,1,1,3,1,2,1,3
ID0099,0,22,10,2,3,4,1,1,0,3,4,3,1,2
ID0100,1,47,0,0,3,4,1,1,0,0,3,2,1,2
ID0101,1,54,1,0,4,3,1,0,1,2,2,0,1,3
ID0102,1,35,0,2,4,4,1,1,0,4,3,3,1,2
ID0103,1,25,5,1,3,3,0,1,0,3,1,2,1,3
ID0104,1,42,0,2,4,4,1,0,1,3,2,0,1,2
ID0105,1,33,0,1,2,3,1,1,1,1,4,1,1,2
ID0106,1,33,0,0,3,3,1,1,0,1,3,3,1,2
ID0107,1,51,0,1,4,4,1,1,1,4,3,2,1,4
ID0108,1,50,6,2,2,3,1,1,1,1,4,2,1,3
ID0109,1,58,7,1,4,3,1,1,0,1,3,2,1,2
ID0110,1,43,0,0,2,3,1,1,0,4,2,,1,2
ID0111,1,29,0,1,3,3,1,1,0,4,4,,1,2
ID0112,1,37,0,0,4,3,1,1,1,1,4,2,1,2
ID0113,1,37,0,1,2,3,1,1,0,1,3,0,1,3
ID0114,1,27,0,0,3,88,0,0,0,2,4,2,1,2
ID0115,1,41,0,2,3,3,1,1,0,2,3,1,1,2
ID0116,1,40,1,0,3,4,1,1,0,0,2,2,0,2
ID0117,0,25,0,1,4,4,1,1,0,3,1,2,1,2
ID0118,1,43,0,1,2,3,1,1,0,3,1,0,1,3
ID0119,1,38,4,1,4,4,1,1,0,3,3,1,1,2
ID0120,1,38,0,2,4,4,1,1,0,2,1,2,1,2
ID0121,0,31,8,2,3,4,1,1,1,1,3,1,0,2
ID0122,1,28,0,0,2,4,1,1,0,4,1,0,0,2
ID0123,1,38,0,1,3,3,1,1,1,3,2,2,0,2
ID0124,1,31,8,2,3,4,1,1,1,3,3,2,0,2
ID0125,1,46,0,0,3,3,1,1,1,3,4,2,0,2
ID0126,1,25,0,1,4,3,1,1,0,1,2,1,0,2
ID0127,0,23,0,1,4,4,1,1,1,4,4,,1,3
ID0128,1,58,0,0,3,3,1,0,1,0,4,1,1,3
ID0129,1,49,0,0,2,4,1,1,0,3,3,1,1,2
ID0130,1,28,0,1,2,3,0,0,0,1,2,2,1,2
ID0131,1,49,5,2,3,4,0,1,0,4,2,1,1,2
ID0132,1,25,7,2,2,4,1,1,0,4,1,0,1,2
ID0133,0,34,6,1,3,4,1,1,1,2,3,,0,2
ID0134,1,54,5,2,3,3,1,1,1,2,3,2,0,2
ID0135,0,52,10,2,4,4,1,1,1,4,2,2,0,2
ID0136,1,36,1,0,4,3,1,1,1,0,3,2,0,3
ID0137,1,49,1,0,2,4,1,1,0,3,2,1,0,2
ID0138,1,31,0,1,3,4,1,1,1,4,4,2,0,2
ID0139,1,36,0,1,2,4,1,0,1,4,3,0,1,3
ID0140,0,25,8,2,3,4,1,1,0,2,3,2,1,2
ID0141,1,44,1,0,4,4,1,1,0,0,4,2,1,2
ID0142,1,43,4,1,3,3,1,1,1,3,4,1,1,2
ID0143,1,37,0,0,3,88,1,1,0,4,4,2,1,3
ID0144,1,43,6,2,4,3,1,1,0,3,1,2,1,2
ID0145,0,32,5,0,4,4,1,1,1,4,2,1,0,3
ID0146,1,42,0,0,4,3,1,0,0,0,2,2,0,2
ID0147,1,34,0,0,3,3,0,0,0,4,2,1,0,2
ID0148,1,38,0,1,4,4,1,1,1,3,2,1,0,2
ID0149,1,32,8,1,3,4,0,1,0,4,2,1,0,2
ID0150,1,46,0,0,2,4,1,1,1,4,4,,0,2
ID0151,1,43,2,2,3,2,1,0,1,4,3,,1,3
ID0152,0,39,0,0,4,3,1,0,0,0,2,0,1,2
ID0153,0,39,0,1,4,4,1,1,0,2,4,0,1,3
ID0154,1,47,0,0,4,3,1,0,0,4,2,1,1,2
ID0155,1,43,0,0,2,3,1,1,0,4,3,2,1,2
ID0156,1,39,0,1,4,3,0,1,0,3,2,1,1,2
ID0157,1,38,0,0,4,4,1,1,0,2,2,0,1,2
ID0158,1,48,1,0,2,3,1,1,0,1,1,0,1,3
ID0159,1,29,6,2,3,3,1,1,1,4,1,,1,3
ID0160,1,42,8,2,3,4,1,1,1,4,1,1,1,3
ID0161,1,37,0,2,4,3,1,1,1,3,4,,0,2
ID0162,0,42,0,1,2,4,1,1,0,1,3,0,0,2
ID0163,0,36,0,0,3,1,1,1,0,0,4,,1,2
ID0164,0,38,0,0,4,1,1,1,0,0,1,,1,2
ID0165,1,53,0,0,4,3,1,0,0,1,2,,0,2
ID0166,0,46,0,0,4,1,1,1,0,0,1,,0,2
ID0167,1,24,10,2,1,2,1,0,0,2,3,,0,2
ID0168,0,36,5,2,2,1,1,1,0,4,2,,0,2
ID0169,0,27,10,2,3,3,1,0,0,2,2,,0,2
ID0170,1,41,0,0,1,88,0,0,0,1,1,,1,2
ID0171,0,46,2,1,3,3,1,0,0,4,2,2,0,2
ID0172,0,44,88,2,3,3,1,1,0,4,4,2,0,3
ID0173,1,42,0,1,2,2,1,1,1,1,1,2,1,3
ID0174,0,40,10,2,2,2,1,0,1,1,3,2,0,3
ID0175,0,26,0,2,5,3,1,0,0,2,2,1,1,0
ID0176,1,41,10,2,4,2,1,1,0,2,2,2,1,2
ID0177,0,32,88,0,3,2,1,1,0,0,2,2,1,2
ID0178,0,38,99,1,3,1,1,1,0,1,2,0,1,2
ID0179,0,45,8,2,3,4,1,0,0,2,2,0,1,2
ID0180,1,39,0,0,3,2,0,0,0,1,2,0,1,2
ID0181,0,39,88,0,3,1,1,1,0,0,2,2,1,2
ID0182,0,25,4,1,4,2,1,0,0,2,3,2,1,2
ID0183,1,38,5,2,3,3,0,0,0,2,2,2,1,2
ID0184,0,27,0,0,4,2,1,0,0,0,2,0,1,2
ID0185,1,47,88,0,4,3,1,0,0,1,1,3,1,2
ID0186,1,37,0,1,3,3,1,0,0,1,3,2,0,2
ID0187,1,44,88,0,3,1,1,0,0,2,3,2,0,2
ID0188,0,19,10,2,3,2,1,1,0,2,2,0,0,2
ID0189,0,34,0,0,3,1,1,0,0,2,2,2,0,2
ID0190,0,32,5,2,3,1,1,1,0,1,2,0,0,2
ID0191,0,23,99,0,3,2,1,1,0,0,2,2,0,2
ID0192,1,37,0,0,3,4,0,0,0,0,2,0,0,2
ID0193,1,47,99,0,3,1,1,1,0,0,2,0,0,2
ID0194,0,53,0,0,4,2,1,1,0,0,2,0,0,2
ID0195,1,44,88,0,3,1,1,1,0,0,2,1,0,2
ID0196,0,40,88,0,3,1,1,1,0,0,2,2,0,2
ID0197,0,42,8,2,5,1,1,1,1,2,2,2,1,3
ID0198,0,31,10,2,2,1,1,0,1,1,3,2,1,3
ID0199,0,37,88,1,4,2,1,1,0,1,2,3,1,1
ID0200,0,32,2,0,3,2,1,0,0,0,4,2,1,2
ID0201,1,42,10,2,2,1,1,1,0,1,2,2,1,0
ID0202,1,47,0,0,4,3,1,1,0,0,2,3,1,2
ID0203,0,37,88,2,4,3,1,1,0,1,2,2,1,2
ID0204,0,27,88,2,4,2,1,0,0,1,2,3,0,2
ID0205,0,58,99,2,4,3,1,0,0,1,3,3,0,2
ID0206,0,26,88,0,3,3,1,1,0,0,2,3,0,4
ID0207,0,56,0,0,2,1,1,0,0,1,1,3,1,2
ID0208,1,46,4,0,3,4,1,0,0,0,4,1,1,3
ID0209,1,35,0,0,4,1,1,1,0,1,1,3,1,1
ID0210,0,20,4,2,4,2,1,0,0,2,3,2,0,3
ID0211,0,32,88,2,4,3,1,1,0,1,2,3,0,1
ID0212,0,56,8,2,2,1,1,1,1,1,1,2,1,3
ID0213,0,36,4,2,1,1,1,1,1,1,1,,0,2
ID0214,0,35,10,2,2,2,1,0,1,1,3,2,0,3
ID0215,0,20,8,2,2,1,1,0,0,3,3,1,1,3
ID0216,0,38,88,0,3,4,1,1,0,0,4,2,0,2
ID0217,0,35,0,0,3,3,1,1,1,1,2,2,1,2
ID0218,1,37,0,0,1,1,1,0,0,1,1,2,1,3
ID0219,0,24,10,2,3,1,1,0,0,1,2,0,1,2
ID0220,0,46,10,2,3,1,1,0,1,2,2,2,0,2
ID0221,0,32,,,,,,,,,,,1,
ID0222,1,22,,,,,,,,,,,0,
ID0223,1,44,9,0,4,1,1,0,0,3,1,,0,2
ID0224,1,45,99,0,2,2,1,0,0,1,3,2,0,2
ID0225,1,22,10,2,3,4,1,0,0,1,3,0,0,2
ID0226,1,30,5,2,4,3,1,1,0,2,4,,1,3
ID0227,1,52,0,0,3,4,1,1,0,1,3,2,1,3
ID0228,1,35,8,2,2,4,1,0,0,3,2,3,0,2
ID0229,1,49,0,0,4,3,1,0,0,0,4,0,0,2
ID0230,1,53,10,2,3,4,1,0,0,3,2,1,0,2
ID0231,1,39,6,2,3,4,1,0,0,3,2,3,1,2
ID0232,1,31,4,1,5,3,1,0,0,2,2,0,1,2
ID0233,1,43,5,2,5,4,1,0,0,1,3,,0,2
ID0234,1,30,8,2,5,4,1,0,0,4,1,,0,2
ID0235,1,32,8,2,3,4,1,1,0,0,4,1,1,2
ID0236,1,55,8,0,3,2,1,0,0,2,4,2,1,3
ID0237,1,51,7,1,2,3,0,0,0,3,3,,1,3
ID0238,1,27,0,0,4,2,1,0,0,1,3,,1,0
ID0239,1,25,5,1,3,2,1,0,0,2,4,2,1,2
ID0240,1,48,0,0,3,2,1,0,0,1,3,0,1,2
ID0241,1,42,10,0,3,2,1,0,0,2,3,2,0,2
ID0242,1,44,10,2,4,4,1,0,0,1,3,3,1,2
ID0243,1,41,5,1,4,3,0,1,1,3,4,2,1,2
ID0244,1,52,8,2,3,4,1,1,0,4,2,1,1,3
ID0245,1,43,88,0,3,4,1,1,0,0,1,2,0,2
ID0246,1,29,7,2,5,3,1,0,0,2,3,1,0,2
ID0247,1,39,8,2,3,3,1,0,0,2,1,0,0,2
ID0248,1,42,5,2,5,3,1,0,0,3,4,,1,3
ID0249,1,49,11,2,3,4,1,0,0,4,3,,0,2
ID0250,1,46,8,2,4,4,1,0,0,2,3,0,0,2
ID0251,1,45,0,0,4,3,1,1,0,0,4,0,1,2
ID0252,1,45,8,2,4,4,1,0,0,1,4,,1,3
ID0253,1,47,0,0,4,3,1,0,0,1,2,,1,3
ID0254,1,37,9,1,4,4,1,1,0,2,4,,1,2
ID0255,1,49,99,0,3,2,1,0,0,1,3,3,1,2
ID0256,1,52,9,2,3,3,1,0,0,2,3,3,1,2
ID0257,1,35,6,0,4,2,1,0,0,0,4,2,1,2
ID0258,1,37,99,0,3,3,1,0,0,2,4,2,1,2
ID0259,1,37,6,0,3,3,1,0,0,2,3,3,1,2
ID0260,1,48,0,0,4,3,1,0,0,1,3,,0,2
ID0261,1,46,0,0,4,2,1,0,0,0,4,,0,2
ID0262,1,33,5,2,4,4,1,1,0,1,4,,0,2
ID0263,1,46,5,1,4,3,1,0,0,1,1,2,0,2
ID0264,1,36,10,2,4,3,1,1,0,1,1,0,0,2
ID0265,1,27,0,0,3,3,1,0,0,0,1,0,0,2
ID0266,1,47,0,0,3,4,1,0,0,1,4,0,0,2
ID0267,1,37,5,2,4,3,1,1,0,1,2,2,0,2
ID0268,1,47,99,0,4,4,1,1,0,2,3,0,0,2
ID0269,1,33,0,0,3,2,1,0,0,1,3,2,0,2
ID0270,1,25,8,2,3,3,1,1,0,2,4,2,0,1
ID0271,1,44,11,2,5,3,1,0,1,2,1,2,0,2
ID0272,1,26,7,2,3,4,0,1,0,1,1,3,1,2
ID0273,1,55,4,1,4,4,1,0,1,2,2,,0,2
ID0274,1,38,4,1,3,4,1,0,0,2,1,2,0,2
ID0275,1,24,6,0,4,3,1,1,0,1,4,2,0,3
ID0276,1,50,99,0,3,2,1,0,0,0,3,2,0,2
ID0277,0,32,8,2,3,3,1,0,0,2,2,0,1,2
ID0278,0,24,99,0,2,3,1,1,0,0,4,2,0,2
ID0279,1,20,3,2,3,3,1,1,0,1,4,0,1,2
ID0280,1,41,88,0,2,4,1,1,0,4,4,,1,2
ID0281,1,54,0,0,4,2,1,0,0,0,1,,1,3
ID0282,1,39,6,2,5,3,1,0,1,1,3,,1,3
ID0283,1,28,6,2,5,4,1,0,0,2,4,,1,2
ID0284,1,41,7,2,3,3,1,0,0,2,2,0,1,2
ID0285,1,38,88,0,2,4,1,1,0,0,2,0,1,2
ID0286,1,37,99,0,3,3,1,0,0,0,4,2,1,2
ID0287,1,44,8,2,3,3,1,0,1,2,2,2,1,3
ID0288,1,24,10,2,3,3,1,0,0,3,1,3,1,1
ID0289,1,25,7,2,3,4,1,0,0,4,4,0,1,2
ID0290,1,29,0,0,4,2,1,0,0,0,4,,0,2
ID0291,1,37,5,2,4,3,1,1,0,1,1,,0,2
ID0292,1,33,8,0,3,4,1,0,0,0,3,2,0,2
ID0293,1,34,2,1,3,3,1,1,0,2,3,2,0,2
ID0294,1,57,88,0,4,4,1,1,0,1,2,2,0,2
ID0295,1,33,88,0,2,4,1,0,0,0,4,1,0,2
ID0296,1,23,88,0,2,3,1,0,0,4,4,1,0,2
ID0297,1,29,5,2,3,3,1,1,0,4,2,0,0,2
ID0298,1,35,10,2,5,4,1,1,0,2,2,1,0,2
ID0299,1,32,0,0,4,4,1,0,0,0,1,0,0,2
ID0300,1,33,9,2,2,3,1,0,0,2,3,1,0,2
ID0301,1,29,10,2,5,3,1,0,0,2,2,2,0,2
ID0302,1,26,0,0,3,4,1,1,0,1,2,2,1,3
ID0303,1,29,7,2,5,4,1,1,0,4,1,,1,2
ID0304,1,30,11,2,4,3,1,0,0,2,1,,1,2
ID0305,1,34,8,2,5,3,1,0,1,3,3,,1,2
ID0306,1,45,0,0,4,3,1,1,0,1,2,2,1,3
ID0307,1,54,10,2,2,4,1,0,0,2,1,2,1,2
ID0308,1,44,6,2,3,3,1,1,0,1,3,2,0,2
ID0309,1,33,99,0,3,4,1,1,1,4,3,1,0,2
ID0310,1,49,7,2,4,3,1,0,0,1,2,3,0,2
ID0311,1,44,88,0,2,4,1,0,0,4,2,0,0,2
ID0312,1,32,0,0,4,2,1,0,0,1,2,0,1,2
ID0313,1,33,8,1,,3,1,0,,,,,1,
ID0314,1,47,88,0,4,3,1,1,0,0,5,0,1,2
ID0315,1,25,7,2,3,3,1,1,0,1,3,3,1,2
ID0316,1,37,6,1,4,4,1,1,0,1,2,0,0,1
ID0317,1,37,0,1,3,3,1,1,0,2,4,0,1,3
ID0318,1,27,88,0,4,4,1,1,0,1,3,,1,3
ID0319,1,39,9,2,3,4,1,1,0,2,2,,1,2
ID0320,1,39,5,2,3,3,1,1,0,1,2,2,1,3
ID0321,1,30,88,1,2,4,1,1,0,4,2,0,1,2
ID0322,1,25,12,2,2,4,1,1,0,4,2,0,1,2
ID0323,1,35,0,0,3,3,1,1,0,1,4,0,0,2
ID0324,1,37,10,2,3,4,1,1,0,1,3,2,0,2
ID0325,1,55,5,2,3,4,1,1,0,1,4,2,0,2
ID0326,1,42,7,2,4,4,1,1,0,2,4,1,0,2
ID0327,1,27,,,,,,,,,,,1,
ID0328,1,24,,,,,,,,,,,0,
ID0329,0,22,8,2,3,2,1,1,1,3,4,0,1,3
ID0330,0,32,88,1,4,2,0,1,0,3,3,2,1,2
ID0331,0,34,88,1,4,2,1,1,0,3,2,2,1,2
ID0332,0,39,88,1,4,2,1,1,0,2,2,2,1,2
ID0333,0,33,5,1,4,2,1,1,0,3,3,2,1,2
ID0334,0,33,88,1,4,2,1,1,0,3,3,2,1,2
ID0335,0,49,8,2,4,3,1,1,0,3,2,2,1,2
ID0336,0,28,8,2,3,2,1,1,0,1,1,0,1,3
ID0337,0,37,12,2,3,3,1,1,0,1,3,2,1,2
ID0338,0,38,10,2,4,3,1,1,0,1,2,2,1,2
ID0339,0,26,5,1,3,2,1,1,0,1,2,2,1,2
ID0340,1,31,8,2,3,2,0,0,0,1,3,2,1,2
ID0341,1,29,5,1,3,2,1,0,0,3,4,,1,3
ID0342,1,29,7,2,3,2,1,1,0,1,1,,1,2
ID0343,1,35,0,0,3,1,1,1,0,2,1,1,1,2
ID0344,1,42,0,2,3,1,1,1,0,0,1,0,1,2
ID0345,1,32,0,0,3,1,0,1,0,1,1,0,1,2
ID0346,1,37,0,0,3,2,1,1,0,0,4,0,1,2
ID0347,1,31,10,2,5,3,1,1,0,1,1,0,1,2
ID0348,1,30,5,2,2,1,1,0,0,1,1,2,1,2
ID0349,1,50,99,0,4,4,1,1,0,2,4,2,1,2
ID0350,1,30,10,2,3,3,1,1,0,1,2,2,1,2
ID0351,1,52,99,0,2,1,1,1,0,0,1,2,1,2
ID0352,1,28,0,0,3,1,1,1,1,0,4,2,1,2
ID0353,1,42,5,2,2,2,1,1,1,1,3,0,1,3
ID0354,1,45,0,0,4,1,1,0,0,1,3,3,1,2
ID0355,1,31,0,0,2,2,1,0,0,1,2,,1,2
ID0356,1,34,10,2,1,1,1,1,0,2,1,2,1,2
ID0357,1,35,5,2,1,2,1,0,0,2,2,2,1,2
ID0358,1,18,0,0,3,2,1,0,0,0,2,,1,3
ID0359,1,42,0,0,2,1,1,0,0,0,1,,1,2
ID0360,1,22,5,2,2,1,1,1,0,2,1,1,1,2
ID0361,1,35,10,2,3,1,1,1,0,2,2,2,1,2
ID0362,1,51,88,0,5,4,1,1,0,0,4,2,1,2
ID0363,1,31,5,2,3,4,1,1,1,2,3,3,1,2
ID0364,1,27,10,2,3,2,1,1,0,1,2,2,1,2
ID0365,1,55,8,2,3,2,1,1,0,1,2,2,1,2
ID0366,1,43,0,0,2,1,1,1,0,3,3,1,1,3
ID0367,1,47,0,0,3,99,0,0,0,0,2,3,1,2
ID0368,1,31,0,0,2,88,1,1,0,2,4,3,1,2
ID0369,1,48,10,2,3,4,1,1,0,4,4,3,1,3
ID0370,1,49,0,0,3,1,1,1,1,3,2,2,1,2
ID0371,1,36,5,1,2,1,1,1,1,1,3,2,1,3
ID0372,1,35,0,0,3,2,1,0,1,1,3,2,1,3
ID0373,1,47,0,0,2,2,1,1,1,1,3,2,1,3
ID0374,1,37,0,0,3,2,1,1,1,0,4,3,1,3
ID0375,1,30,5,1,2,2,1,1,1,1,1,2,1,3
ID0376,1,33,8,2,2,1,1,1,1,1,3,2,1,3
ID0377,1,22,8,2,3,2,1,1,1,1,3,2,0,2
ID0378,0,32,14,2,4,2,1,1,0,1,1,2,0,2
ID0379,0,30,6,1,4,2,1,1,0,0,4,1,0,2
ID0380,0,25,10,2,4,3,1,1,0,1,3,3,0,2
ID0381,0,45,5,1,4,2,1,1,0,3,3,2,0,2
ID0382,0,22,5,0,4,2,1,1,0,3,2,3,0,2
ID0383,0,40,0,0,3,2,1,1,0,1,2,2,0,2
ID0384,0,29,8,2,3,3,1,1,0,2,2,2,0,2
ID0385,0,28,0,0,3,3,1,1,0,2,2,2,0,2
ID0386,0,46,5,1,3,2,1,1,0,3,4,2,0,2
ID0387,0,41,5,2,3,2,1,1,0,2,3,2,0,2
ID0388,0,36,8,2,3,2,1,1,0,1,2,2,0,2
ID0389,1,33,0,0,3,3,1,1,0,2,3,2,0,2
ID0390,1,40,0,0,3,2,1,1,0,1,1,0,0,2
ID0391,1,52,0,0,3,1,1,1,0,1,3,0,0,2
ID0392,1,52,0,0,3,1,1,1,0,0,4,2,0,2
ID0393,1,42,0,0,5,2,1,1,0,1,1,0,0,2
ID0394,1,42,0,0,4,4,1,1,0,2,3,2,0,2
ID0395,1,27,10,2,3,2,1,0,0,1,2,2,0,2
ID0396,1,47,10,2,3,2,0,1,1,2,1,3,0,2
ID0397,1,50,0,0,2,1,1,1,0,0,3,3,0,2
ID0398,1,49,0,0,2,1,0,1,0,1,3,0,0,2
ID0399,1,42,0,0,1,1,1,1,1,1,1,3,0,2
ID0400,1,43,0,0,2,2,1,1,0,1,1,3,0,2
ID0401,1,28,0,0,2,1,0,0,0,0,4,1,0,2
ID0402,1,35,5,0,5,2,1,0,0,4,2,2,0,2
ID0403,1,31,10,2,1,2,1,1,0,1,1,3,0,2
ID0404,1,30,8,2,1,3,1,1,0,1,1,3,0,2
ID0405,1,31,5,2,2,2,1,0,0,2,2,2,0,2
ID0406,1,17,3,1,2,1,1,0,0,3,2,2,0,1
ID0407,1,18,0,1,1,2,1,1,0,3,2,2,0,2
ID0408,1,36,0,0,2,1,0,0,0,0,1,2,0,2
ID0409,1,30,0,2,3,2,1,0,0,2,1,2,0,2
ID0410,1,35,5,2,2,2,1,1,1,1,3,3,0,2
ID0411,1,44,5,2,3,1,0,1,0,1,3,2,0,2
ID0412,1,46,0,1,4,3,1,1,0,1,1,0,0,2
ID0413,1,29,5,2,2,3,1,1,0,3,4,2,0,2
ID0414,1,37,5,2,3,2,1,1,0,2,2,2,0,2
ID0415,1,34,8,2,3,2,1,1,0,2,2,2,0,2
ID0416,1,50,10,2,3,3,1,1,0,4,4,2,0,2
ID0417,1,57,99,0,5,3,1,0,0,0,4,2,0,2
ID0418,1,42,88,0,5,4,1,1,1,0,3,1,0,2
ID0419,1,37,88,2,3,99,1,1,0,3,3,2,0,2
ID0420,1,18,0,0,2,1,1,1,1,0,4,2,0,2
ID0421,1,26,0,0,2,1,1,0,1,1,4,2,0,2
ID0422,1,37,0,0,3,1,0,0,1,0,2,2,0,2
ID0423,1,25,0,0,2,1,1,1,1,0,3,2,0,2
ID0424,1,40,10,2,2,2,1,1,1,1,3,2,0,2
ID0425,1,37,14,2,3,3,0,0,0,1,2,2,1,2
ID0426,1,30,5,2,2,3,1,1,1,3,3,2,1,2
ID0427,1,42,5,1,3,3,1,1,0,3,4,2,1,2
ID0428,1,43,5,2,4,2,1,0,0,1,2,0,1,2
ID0429,1,49,0,0,4,2,1,0,0,1,4,2,1,3
ID0430,1,46,0,0,3,3,1,1,0,3,4,2,1,2
ID0431,1,35,0,0,3,3,1,1,0,2,4,2,1,3
ID0432,1,58,4,1,4,3,1,1,0,2,4,3,1,2
ID0433,1,52,0,0,4,2,1,0,0,1,4,1,1,2
ID0434,1,37,0,0,3,3,1,0,0,0,1,2,1,3
ID0435,1,31,0,0,4,3,1,1,0,3,3,3,1,2
ID0436,1,45,0,0,3,3,1,1,0,2,2,2,1,2
ID0437,1,35,0,0,4,3,1,1,0,0,4,2,1,2
ID0438,1,39,5,1,3,3,1,1,0,2,3,3,1,2
ID0439,1,27,5,1,3,4,1,1,1,3,3,3,1,2
ID0440,1,27,5,1,3,3,1,1,0,3,3,2,1,2
ID0441,1,49,0,0,4,3,1,0,0,4,4,2,1,2
ID0442,1,31,99,0,2,3,0,0,0,3,3,2,1,3
ID0443,1,25,0,0,2,2,1,0,0,2,3,2,1,2
ID0444,1,39,0,0,2,2,0,0,0,0,4,2,1,2
ID0445,1,49,88,0,2,3,1,1,0,0,1,1,1,3
ID0446,1,41,5,2,2,3,1,1,0,4,2,1,1,2
ID0447,1,39,99,0,2,2,1,1,1,0,4,1,1,3
ID0448,1,37,0,0,4,4,1,1,0,0,4,2,1,2
ID0449,1,27,,,,,,,,,,,1,
ID0450,0,39,10,2,3,3,1,1,0,3,2,2,1,2
ID0451,1,45,0,0,4,2,1,1,0,0,1,,1,3
ID0452,1,47,0,0,3,3,1,1,1,4,4,2,1,2
ID0453,1,27,0,0,3,3,1,1,0,0,4,2,1,2
ID0454,1,38,99,0,2,3,1,1,0,4,4,2,1,3
ID0455,1,35,8,1,3,3,1,0,0,1,1,2,1,2
ID0456,1,37,0,0,4,4,1,1,0,3,3,2,1,2
ID0457,1,33,0,1,3,3,1,1,0,1,3,0,1,3
ID0458,1,40,0,0,4,2,0,0,0,2,4,1,1,2
ID0459,1,30,0,0,4,3,1,0,0,3,2,2,0,2
ID0460,1,33,0,0,3,3,1,0,0,4,4,2,0,2
ID0461,1,47,99,0,2,3,1,1,0,4,2,0,0,2
ID0462,1,42,0,0,4,2,1,0,0,4,3,1,0,2
ID0463,1,35,0,0,3,3,1,1,0,4,4,0,0,2
ID0464,1,35,0,0,2,3,1,1,0,2,3,1,0,2
ID0465,1,30,99,0,3,3,1,0,0,2,3,2,0,2
ID0466,1,39,0,0,3,3,1,0,0,3,3,1,0,2
ID0467,1,36,0,0,3,3,1,1,0,0,4,1,0,3
ID0468,1,41,0,0,3,2,1,0,0,0,2,0,0,2
ID0469,1,33,0,0,3,4,1,0,0,3,2,,0,3
ID0470,1,33,0,0,3,3,1,1,0,0,3,0,0,2
ID0471,1,29,5,2,3,3,1,1,0,1,2,2,0,2
ID0472,1,34,0,0,3,3,1,0,1,1,2,0,0,2
ID0473,1,54,0,0,3,2,1,0,0,2,2,1,0,2
ID0474,1,37,0,0,5,4,1,1,0,2,3,2,0,2
ID0475,1,36,99,0,2,3,1,1,0,0,4,1,0,2
ID0476,1,31,99,1,3,3,1,1,0,4,4,2,0,2
ID0477,1,32,0,0,3,2,1,1,0,0,4,0,0,2
ID0478,1,18,8,2,3,2,1,0,0,1,3,2,0,2
ID0479,1,32,0,0,4,3,1,0,0,1,4,2,0,2
ID0480,1,40,0,0,4,2,1,1,0,1,2,,0,2
ID0481,1,41,10,2,5,3,1,0,0,1,1,3,0,2
ID0482,1,47,99,0,2,3,1,0,0,0,3,2,0,2
ID0483,1,36,99,0,2,2,0,0,0,0,4,1,0,2
ID0484,1,55,4,1,3,2,1,0,0,3,2,0,0,2
ID0485,1,18,0,0,3,3,1,0,0,4,4,2,0,2
ID0486,1,36,5,2,2,99,1,1,0,4,4,0,0,2
ID0487,1,46,0,0,4,3,1,1,0,2,2,0,0,2
ID0488,1,51,0,0,3,3,1,0,0,2,1,2,0,2
ID0489,1,18,0,0,3,3,1,1,0,0,3,2,0,2
ID0490,1,47,0,0,3,3,1,1,0,0,3,2,0,2
ID0491,1,28,0,0,3,1,1,0,0,2,4,2,0,2
ID0492,1,36,8,2,4,2,1,0,0,2,4,,0,3
ID0493,1,47,6,2,1,2,1,0,0,4,3,3,0,2
ID0494,1,54,10,2,4,3,1,1,1,3,3,,1,3
ID0495,1,57,5,2,4,2,1,1,1,1,4,1,1,3
ID0496,1,47,0,0,5,3,1,0,1,3,2,,0,0
ID0497,1,47,2,1,2,2,1,1,0,2,4,3,1,3
ID0498,1,57,0,0,3,2,1,0,1,3,1,,0,3
ID0499,1,56,2,1,4,2,1,1,1,3,4,2,1,3
ID0500,1,47,0,0,5,3,1,0,1,4,1,,0,2
ID0501,1,57,1,0,2,2,1,1,0,0,2,,1,3
ID0502,1,56,1,0,1,4,0,1,1,2,2,,0,2
ID0503,1,47,10,2,2,2,1,1,0,2,2,1,1,3
ID0504,1,40,2,1,5,4,0,1,1,2,2,,0,1
ID0505,1,56,3,1,2,2,1,1,0,2,3,2,1,3
ID0506,1,47,2,1,3,4,0,1,1,2,3,0,0,1
ID0507,1,40,3,1,2,3,1,1,0,0,4,3,1,3
ID0508,1,55,3,1,2,2,0,1,1,4,3,,0,1
ID0509,1,47,5,2,4,3,1,1,1,3,2,,1,3
ID0510,1,40,8,2,5,2,0,1,1,3,4,0,0,2
ID0511,1,55,3,1,2,2,1,1,1,2,2,,1,3
ID0512,1,47,10,2,3,3,0,1,0,2,2,3,1,2
ID0513,1,40,5,2,1,2,1,0,0,1,2,1,0,2
ID0514,1,39,3,1,3,3,0,1,0,1,2,,1,2
ID0515,1,47,5,2,2,3,1,0,0,4,2,1,0,2
ID0516,1,39,2,1,2,3,0,1,0,3,4,2,1,2
ID0517,1,39,10,2,5,3,1,1,0,2,4,3,0,2
ID0518,1,47,6,2,4,2,1,1,1,3,1,0,1,2
ID0519,1,39,0,0,5,3,1,0,0,2,4,3,0,2
ID0520,1,39,6,2,3,2,1,1,0,4,2,,1,3
ID0521,1,47,0,0,4,2,0,1,1,3,4,0,0,2
ID0522,1,39,10,2,3,2,0,1,1,4,2,,1,3
ID0523,1,55,0,0,2,2,1,0,0,1,3,2,0,2
ID0524,1,47,4,1,4,2,0,1,0,3,3,3,1,2
ID0525,1,39,0,0,2,2,1,1,1,2,1,,0,1
ID0526,1,57,4,1,3,2,0,1,1,4,1,0,1,3
ID0527,1,57,0,0,3,2,1,1,1,4,2,2,0,2
ID0528,1,57,3,1,4,3,0,1,0,2,4,,1,2
ID0529,1,57,8,2,3,2,0,1,0,1,2,1,1,2
ID0530,1,55,10,2,1,2,1,1,0,3,2,3,0,2
ID0531,1,59,8,2,1,2,1,0,0,3,1,2,0,2
ID0532,1,55,3,1,3,3,0,1,0,2,3,1,1,3
ID0533,1,58,0,0,4,2,1,0,0,2,2,3,0,2
ID0534,1,55,12,2,2,3,0,1,0,1,1,2,1,2
ID0535,1,55,0,0,2,4,0,1,1,3,2,2,0,2
ID0536,1,55,4,1,2,3,1,0,1,3,3,2,1,2
ID0537,1,54,1,0,3,3,1,0,0,0,2,2,1,2
ID0538,1,54,2,1,3,3,1,0,0,3,2,3,1,2
ID0539,1,54,0,0,2,3,0,1,0,1,3,3,0,2
ID0540,1,54,0,0,3,3,0,1,0,2,3,2,0,1
ID0541,1,57,0,0,2,4,0,1,0,4,1,2,0,2
ID0542,1,57,0,0,2,2,1,0,0,4,2,3,1,2
ID0543,1,57,0,0,1,3,1,1,0,3,4,2,0,2
ID0544,1,57,6,2,3,2,1,0,0,4,4,2,1,2
ID0545,1,39,0,0,5,4,1,1,0,3,3,1,0,2
ID0546,1,57,0,0,4,2,1,0,0,0,1,1,1,2
ID0547,1,59,2,1,4,3,1,1,1,4,1,3,0,2
ID0548,1,57,1,0,3,4,1,0,0,0,2,2,1,2
ID0549,1,59,2,1,4,4,1,1,1,3,4,3,0,2
ID0550,1,57,8,2,3,4,1,0,0,1,1,3,1,2
ID0551,1,59,2,1,3,3,1,1,1,3,4,3,0,2
ID0552,1,57,4,1,2,3,1,0,1,4,2,3,1,2
ID0553,1,58,8,2,2,3,1,1,0,4,2,1,1,2
ID0554,1,57,12,2,5,4,1,1,1,4,4,2,0,2
ID0555,1,58,5,2,3,2,1,1,0,2,4,,1,3
ID0556,1,57,0,0,2,3,1,1,0,1,4,1,0,2
ID0557,1,58,2,1,4,3,1,1,0,0,2,2,1,2
ID0558,1,57,0,0,5,3,0,1,0,1,3,,0,2
ID0559,1,58,5,2,4,3,1,0,1,3,4,1,1,2
ID0560,1,57,0,0,4,4,0,1,1,1,3,2,0,2
ID0561,1,55,2,1,2,3,1,0,1,3,2,,1,3
ID0562,1,27,,,,,,,,,,,1,
ID0563,1,35,8,2,4,4,1,1,0,3,4,2,1,2
ID0564,1,56,5,1,4,3,1,1,0,2,3,2,1,2
ID0565,1,27,10,2,3,2,1,0,0,2,2,0,1,2
ID0566,1,38,8,2,4,2,1,0,0,2,2,0,1,2
ID0567,1,57,0,0,3,3,1,0,0,0,4,0,1,2
ID0568,1,50,0,0,3,3,1,1,0,4,3,2,1,3
ID0569,1,36,0,0,4,3,1,0,0,3,3,2,1,2
ID0570,1,41,0,0,3,3,1,1,0,0,4,2,1,3
ID0571,1,34,0,0,3,3,1,1,0,0,3,2,1,3
ID0572,1,42,0,0,4,4,1,1,0,4,3,2,1,2
ID0573,1,35,0,0,3,4,1,1,0,3,3,2,1,2
ID0574,1,54,8,2,3,4,1,0,0,3,3,2,1,2
ID0575,1,47,5,1,3,3,1,0,0,2,3,3,1,2
ID0576,1,33,0,0,4,3,1,1,0,0,4,2,1,2
ID0577,1,32,0,0,3,3,1,0,0,3,3,2,1,2
ID0578,1,52,0,0,3,3,1,1,0,3,3,2,1,3
ID0579,1,47,0,0,3,3,1,1,1,3,3,2,1,2
ID0580,1,43,0,0,4,3,1,0,0,3,3,3,1,3
ID0581,1,27,0,0,3,4,1,1,0,0,4,2,1,2
ID0582,1,32,5,1,3,3,1,1,0,3,3,3,1,2
ID0583,1,23,8,2,3,4,1,1,0,2,3,2,1,3
ID0584,1,28,8,2,3,3,1,1,0,2,2,3,1,2
ID0585,1,57,0,0,2,3,1,1,0,2,3,2,1,2
ID0586,1,33,0,0,3,4,1,1,0,2,3,2,1,3
ID0587,1,27,,,,,,,,,,,0,
ID0588,1,27,,,,,,,,,,,0,
ID0589,1,35,5,1,3,3,1,1,0,2,2,3,0,2
ID0590,1,47,5,1,4,4,1,0,0,3,4,2,0,2
ID0591,1,48,5,2,2,2,1,0,0,1,4,2,0,2
ID0592,1,29,0,0,3,3,1,1,0,3,4,3,0,1
ID0593,1,48,0,0,4,2,0,0,0,0,1,,0,2
ID0594,1,33,0,0,3,2,1,0,0,0,4,,0,2
ID0595,1,51,12,2,4,3,1,0,0,1,3,3,0,2
ID0596,1,39,0,0,4,3,1,1,0,3,2,2,0,2
ID0597,1,51,5,1,3,3,1,1,0,3,4,2,0,2
ID0598,1,47,0,0,4,4,1,1,1,3,3,2,0,2
ID0599,1,35,0,0,2,3,1,1,0,3,3,1,0,1
ID0600,1,36,0,0,2,3,0,1,0,3,3,1,0,1
ID0601,1,47,0,0,3,3,1,1,0,3,3,2,0,1
ID0602,1,41,5,1,2,3,0,0,0,3,3,3,0,2
ID0603,1,57,0,0,3,3,1,1,0,2,3,2,0,2
ID0604,1,45,0,0,2,3,1,1,0,2,3,1,0,1
ID0605,1,32,0,0,4,4,1,1,0,2,3,3,0,2
ID0606,1,42,5,1,3,3,1,1,0,3,3,2,0,2
ID0607,1,53,0,0,3,3,1,0,0,3,4,2,0,2
ID0608,1,39,0,0,4,4,1,1,0,3,3,2,0,2
ID0609,1,25,0,0,2,2,1,0,0,3,4,1,0,2
ID0610,1,47,5,1,4,3,1,1,0,2,3,2,0,2
ID0611,1,40,0,0,3,2,1,1,0,3,4,2,0,2
ID0612,1,31,0,0,3,3,1,0,0,3,3,2,0,2
ID0613,1,40,0,0,2,3,1,1,0,0,4,,1,2
ID0614,1,40,2,0,2,3,1,1,0,0,3,3,0,2
ID0615,1,40,3,1,4,3,1,1,0,0,4,3,1,2
ID0616,1,40,1,0,1,4,1,1,0,0,4,2,0,2
ID0617,1,25,4,1,5,4,1,1,0,0,1,3,1,2
ID0618,0,40,10,2,2,4,1,1,0,2,1,2,0,2
ID0619,1,25,5,2,5,4,0,1,1,2,4,0,0,2
ID0620,1,40,8,2,1,4,0,1,1,4,2,0,1,3
ID0621,1,25,2,0,4,4,0,1,1,3,2,,0,1
ID0622,1,40,0,0,2,3,0,1,1,4,4,0,1,3
ID0623,1,25,0,0,5,4,0,1,0,4,1,,0,2
ID0624,1,41,0,0,2,3,0,0,1,1,4,2,1,3
ID0625,1,47,2,0,1,3,0,0,0,2,1,3,0,2
ID0626,1,55,0,0,4,3,1,0,0,4,3,1,1,2
ID0627,1,41,0,0,5,3,1,0,0,3,3,3,0,2
ID0628,1,47,0,0,2,3,1,0,0,1,3,,1,3
ID0629,1,55,5,2,3,2,1,0,0,2,3,1,0,2
ID0630,1,41,0,0,5,2,1,1,1,3,3,0,1,3
ID0631,1,47,8,2,2,3,1,1,0,2,1,1,0,2
ID0632,1,55,0,0,2,3,1,1,0,2,1,3,1,2
ID0633,1,41,0,0,3,3,1,1,1,4,3,,0,2
ID0634,1,47,0,0,3,3,1,1,0,2,2,1,1,2
ID0635,1,54,10,2,1,3,1,1,0,1,3,1,0,2
ID0636,1,41,0,0,1,4,1,1,0,4,4,3,1,2
ID0637,1,47,0,0,5,4,1,1,0,3,3,,0,1
ID0638,1,54,2,1,4,4,1,1,1,1,2,,1,3
ID0639,1,41,3,1,3,3,1,1,0,2,3,,0,0
ID0640,1,47,0,0,5,3,1,1,1,4,2,0,1,3
ID0641,1,47,0,0,5,2,1,1,0,1,2,3,0,2
ID0642,1,41,0,0,4,2,1,1,0,1,2,2,1,3
ID0643,1,47,0,0,3,2,1,1,0,2,4,,0,2
ID0644,1,47,0,0,1,2,1,1,0,4,4,,1,3
ID0645,1,41,0,0,1,2,1,1,0,4,4,1,0,3
ID0646,1,47,12,2,1,3,1,1,0,4,1,3,1,2
ID0647,1,47,0,0,5,3,1,1,0,3,3,,0,2
ID0648,1,41,0,0,5,3,1,1,0,1,1,,1,2
ID0649,1,47,0,0,5,3,1,1,0,4,3,1,0,2
ID0650,1,47,5,2,1,3,1,1,0,3,4,3,1,2
ID0651,1,41,2,1,3,2,1,1,0,2,3,,0,2
ID0652,1,47,2,0,3,2,1,1,0,2,3,2,1,2
ID0653,1,47,6,2,2,3,1,1,0,1,3,2,0,2
ID0654,1,41,8,2,1,3,1,1,0,3,4,1,1,2
ID0655,1,25,0,0,3,3,1,1,0,4,1,,0,2
ID0656,1,47,0,0,1,3,1,1,0,1,2,,1,2
ID0657,1,41,0,0,2,3,1,1,0,4,3,2,0,2
ID0658,1,41,0,0,3,3,1,1,0,2,1,1,1,2
ID0659,1,47,0,0,1,3,1,1,0,1,3,3,0,2
ID0660,1,41,0,0,5,3,1,1,0,2,2,2,1,2
ID0661,1,41,0,0,1,3,1,1,0,3,3,3,0,2
ID0662,1,47,0,0,5,3,1,1,0,1,4,1,1,2
ID0663,1,27,,,,,,,,,,,1,
ID0664,1,27,,,,,,,,,,,1,
ID0665,1,27,,,,,,,,,,,0,
ID0666,1,27,,,,,,,,,,,1,
ID0667,1,47,0,0,2,3,1,1,0,2,2,2,1,2
ID0668,1,44,8,2,3,4,0,1,0,4,3,,1,3
ID0669,1,49,8,1,4,3,1,0,1,0,3,,0,3
ID0670,1,43,0,0,3,3,0,0,0,0,4,2,1,2
ID0671,1,36,7,1,3,3,0,1,1,0,4,0,0,3
ID0672,0,22,3,1,3,4,1,1,0,0,4,0,1,3
ID0673,1,41,14,2,4,4,1,0,0,2,3,2,0,2
ID0674,1,27,10,2,3,4,1,0,0,2,3,2,0,2
ID0675,1,30,0,0,3,3,1,0,0,0,3,3,1,3
ID0676,1,35,0,2,2,4,1,0,0,2,2,,1,3
ID0677,1,32,10,2,2,4,1,1,1,0,3,,0,2
ID0678,1,37,3,1,2,4,1,0,0,2,4,1,1,3
ID0679,1,37,8,2,1,88,1,0,0,1,3,1,0,2
ID0680,1,35,5,1,3,4,1,0,0,3,4,1,1,3
ID0681,1,47,0,0,3,3,1,1,0,2,3,1,0,2
ID0682,1,31,3,1,3,4,1,1,0,2,4,2,1,3
ID0683,0,52,5,1,3,3,1,1,0,1,2,,0,2
ID0684,1,37,4,1,3,4,1,1,1,3,3,,0,3
ID0685,1,57,0,0,3,3,1,0,0,2,3,2,1,3
ID0686,1,37,6,2,3,4,1,1,1,4,3,,0,3
ID0687,1,47,6,1,3,4,1,0,1,4,4,,1,3
ID0688,1,55,8,2,1,4,1,0,1,4,3,0,0,2
ID0689,1,56,4,1,3,4,1,1,0,2,3,2,1,2
ID0690,1,37,3,2,3,3,1,1,0,2,3,2,0,2
ID0691,1,37,8,1,3,4,1,0,0,1,3,1,0,2
ID0692,1,39,88,0,1,3,0,0,0,1,4,1,1,2
ID0693,1,31,5,1,1,3,0,1,0,1,3,1,0,2
ID0694,1,45,99,0,1,2,1,0,0,1,2,1,1,2
ID0695,1,29,3,0,3,3,1,1,0,2,4,2,0,2
ID0696,1,28,5,2,3,99,1,0,0,3,2,2,1,3
ID0697,1,47,6,2,2,4,1,1,1,2,4,2,1,3
ID0698,0,29,10,2,4,4,1,1,0,2,4,2,0,2
ID0699,1,56,8,1,2,4,1,0,0,1,4,2,0,2
ID0700,1,42,2,0,3,3,1,0,0,0,3,3,1,3
ID0701,1,45,3,1,3,3,1,0,0,2,4,1,0,2
ID0702,1,27,,,,,,,,,,,1,
ID0703,1,27,,,,,,,,,,,1,
ID0704,1,27,,,,,,,,,,,0,
ID0705,1,48,5,1,4,4,1,1,1,2,3,2,1,3
ID0706,1,31,8,2,4,3,0,0,0,1,3,3,0,2
ID0707,1,58,10,2,1,4,1,1,1,2,3,1,1,2
ID0708,1,39,10,2,2,4,0,1,0,1,1,2,0,2
ID0709,1,43,3,0,2,4,1,0,0,0,3,1,1,2
ID0710,1,34,2,0,4,4,1,0,0,0,4,0,0,2
ID0711,1,35,0,0,3,4,1,1,0,2,3,2,1,2
ID0712,1,34,99,0,3,3,0,0,0,2,2,2,0,3
ID0713,1,57,4,1,4,4,1,0,1,2,3,0,1,2
ID0714,1,47,5,2,4,3,1,0,0,1,1,3,0,2
ID0715,1,38,9,2,2,4,1,0,1,2,4,1,1,2
ID0716,0,36,0,0,3,3,1,1,0,2,2,2,0,2
ID0717,1,33,8,2,1,4,1,1,0,2,4,1,1,2
ID0718,1,29,10,2,2,4,1,0,1,0,3,,0,3
ID0719,1,37,8,2,4,3,1,0,0,3,3,3,0,2
ID0720,1,20,8,2,2,3,1,1,0,2,4,1,1,2
ID0721,1,36,0,0,3,4,0,0,0,4,4,2,0,2
ID0722,1,42,0,0,3,3,1,1,0,1,2,2,1,1
ID0723,1,53,5,2,2,4,1,0,0,4,2,1,0,2
ID0724,1,42,3,1,3,4,0,0,1,0,4,,1,3
ID0725,1,34,5,1,1,3,0,1,1,1,3,0,0,3
ID0726,1,33,3,0,3,4,0,0,0,2,3,0,1,1
ID0727,1,49,88,0,3,4,1,0,0,0,3,2,0,2
ID0728,1,39,7,2,4,4,1,0,0,1,2,2,0,2
ID0729,1,46,8,1,2,4,0,1,0,1,3,0,1,2
ID0730,1,26,10,2,4,3,1,1,1,1,2,2,1,2
ID0731,1,44,0,0,4,4,1,0,0,0,2,1,0,2
ID0732,1,26,0,0,4,4,1,1,0,1,4,0,1,2
ID0733,0,57,5,0,3,3,1,1,0,2,2,2,0,2
ID0734,1,49,0,1,3,4,1,1,0,0,3,1,1,2
ID0735,1,32,7,2,4,3,1,0,0,3,3,3,0,2
ID0736,0,36,0,1,4,4,1,1,0,0,3,0,1,2
ID0737,1,39,5,2,4,4,1,0,0,0,3,1,0,2
ID0738,1,33,88,0,2,3,1,1,0,0,4,0,0,2
ID0739,1,47,99,0,3,3,0,0,0,0,3,0,1,2
ID0740,1,39,0,0,3,2,0,0,0,0,4,2,0,2
ID0741,1,55,6,0,2,3,0,1,0,4,3,1,1,2
ID0742,1,29,2,0,2,4,0,1,0,4,3,0,1,2
ID0743,1,27,7,1,2,3,0,0,0,4,1,1,1,2
ID0744,1,48,0,0,2,3,0,1,0,4,3,1,1,2
ID0745,1,49,4,1,2,3,0,1,0,4,1,1,1,2
ID0746,1,57,3,1,2,3,0,1,0,4,3,1,0,2
ID0747,1,27,4,1,2,3,0,1,0,4,3,0,0,2
ID0748,1,42,8,2,2,3,0,0,0,4,3,1,0,2
ID0749,1,44,3,1,2,3,0,0,0,4,1,1,0,2
ID0750,1,59,8,2,3,4,0,0,0,4,1,0,1,2
ID0751,1,36,5,2,3,4,0,0,0,4,1,0,0,2
ID0752,1,39,12,2,4,2,1,0,0,1,2,0,0,2
ID0753,1,42,5,2,2,4,0,0,0,4,1,0,1,2
ID0754,1,47,5,2,3,4,0,0,0,4,1,0,0,2
ID0755,1,29,10,2,2,3,0,0,0,4,3,0,0,2
ID0756,1,38,0,0,3,1,1,0,0,1,2,,1,3
ID0757,0,55,0,0,4,3,1,0,0,0,2,,1,2
ID0758,0,39,8,2,3,2,1,0,0,1,2,0,1,2
ID0759,1,45,0,0,3,4,0,0,0,2,3,0,1,2
ID0760,1,30,0,1,4,2,1,0,0,2,2,1,1,2
ID0761,0,56,0,0,4,3,1,0,0,0,4,1,1,1
ID0762,0,47,0,1,4,3,1,0,0,0,4,1,1,1
ID0763,1,26,0,1,3,4,0,0,0,1,3,2,1,2
ID0764,1,57,0,0,4,3,1,1,0,2,4,0,1,2
ID0765,1,32,10,2,3,4,0,0,0,1,2,,0,3
ID0766,1,38,4,1,2,2,1,1,0,0,2,,0,2
ID0767,1,29,5,1,3,2,1,0,0,1,1,2,0,2
ID0768,1,45,0,0,3,4,1,0,0,3,4,2,0,2
ID0769,1,37,6,2,2,4,1,0,0,2,5,2,0,2
ID0770,1,40,8,1,2,1,1,0,0,1,2,0,0,2
ID0771,1,37,0,0,3,1,1,0,0,1,2,0,0,2
ID0772,1,39,0,1,4,1,1,0,0,3,2,0,0,2
ID0773,0,50,0,0,4,4,1,0,0,3,2,1,0,2
ID0774,0,37,0,0,4,4,1,0,0,0,4,1,0,1
ID0775,0,20,0,0,4,4,1,0,0,0,4,1,0,1
ID0776,1,40,5,2,3,2,1,0,0,2,2,2,1,2
ID0777,1,58,88,0,2,3,1,0,0,4,2,2,1,2
ID0778,1,40,88,0,2,3,1,0,0,4,2,1,1,2
ID0779,1,27,10,2,2,3,1,0,0,4,2,0,1,2
ID0780,1,28,88,0,2,4,1,0,0,1,2,3,1,2
ID0781,0,24,8,1,2,1,1,0,0,3,4,,0,2
ID0782,1,27,0,0,4,2,1,0,0,0,2,,0,3
ID0783,1,47,8,2,2,3,1,0,0,4,2,0,0,2
ID0784,1,47,5,2,2,4,1,0,0,4,2,0,0,2
ID0785,1,29,88,0,4,2,1,0,0,1,1,3,0,2
ID0786,1,47,5,2,3,4,0,0,0,4,1,0,1,5
ID0787,1,28,2,0,3,4,0,0,0,4,1,0,1,5
ID0788,1,36,2,1,4,3,1,1,0,3,2,1,0,2
ID0789,1,27,8,2,4,3,1,1,0,3,2,1,0,3
ID0790,1,37,14,2,4,3,1,0,0,3,2,1,1,3
ID0791,1,50,8,2,4,4,1,1,0,3,2,1,1,2
ID0792,1,31,8,2,4,4,1,1,0,3,2,1,1,2
ID0793,1,56,10,2,4,4,1,0,0,3,2,0,1,3
ID0794,1,37,4,2,4,3,1,0,0,3,2,0,1,3
ID0795,1,32,5,2,4,3,1,0,0,3,2,0,1,3
ID0796,1,47,14,2,4,4,1,0,0,3,2,1,0,2
ID0797,1,42,3,1,4,3,1,1,0,3,2,1,0,3
ID0798,1,34,8,2,4,4,1,1,0,3,2,1,0,3
ID0799,1,47,5,2,4,4,1,0,0,3,2,0,0,3
ID0800,1,57,5,2,4,4,1,0,0,3,2,0,0,3
ID0801,1,57,12,2,4,4,1,0,0,3,2,0,0,3
ID0802,1,30,10,2,4,3,1,0,0,3,2,1,0,3
ID0803,1,43,14,2,3,2,0,0,0,4,1,0,1,4
ID0804,1,48,12,2,3,3,0,0,0,4,1,0,1,3
ID0805,1,57,12,2,3,3,0,0,0,4,1,0,1,2
ID0806,1,47,14,2,3,4,0,0,0,4,1,0,1,4
ID0807,1,45,12,2,3,3,0,0,0,4,1,0,0,2
ID0808,1,29,12,2,3,3,0,0,0,4,1,0,0,2
ID0809,0,26,0,0,4,4,1,0,1,0,2,,1,3
ID0810,0,40,0,0,4,2,1,0,1,0,2,,0,3
ID0811,0,29,0,1,4,3,1,0,1,0,2,,0,3
ID0812,1,47,0,1,4,3,1,0,0,3,2,1,1,2
ID0813,1,48,5,2,3,3,0,0,0,2,2,1,1,3
ID0814,1,49,10,2,3,4,0,1,0,2,1,0,1,3
ID0815,1,37,7,2,4,3,1,1,0,3,2,1,1,3
ID0816,1,47,6,2,4,3,1,1,0,3,2,1,1,2
ID0817,1,42,8,2,4,3,1,1,0,3,2,1,1,2
ID0818,1,35,10,2,3,4,0,1,0,2,2,1,1,2
ID0819,1,37,8,2,4,3,1,1,0,2,2,1,1,3
ID0820,1,38,4,2,4,3,1,1,0,3,2,1,0,3
ID0821,1,39,5,2,3,3,1,0,0,2,2,1,0,3
ID0822,1,28,10,2,3,4,0,1,0,2,2,1,0,3
ID0823,0,23,,,,,,,,,,,1,
ID0824,1,48,,,,,,,,,,,0,
ID0825,1,20,,,,,,,,,,,0,
ID0826,0,27,88,0,3,4,1,1,0,0,4,1,1,2
ID0827,1,23,3,1,2,3,0,1,0,3,3,3,1,2
ID0828,0,33,3,1,4,4,1,1,0,4,4,2,1,2
ID0829,0,39,0,0,3,4,1,1,0,0,4,2,1,2
ID0830,0,37,88,0,4,3,1,1,0,0,4,1,1,2
ID0831,1,28,0,0,3,4,1,1,0,3,2,2,1,2
ID0832,1,43,0,0,3,3,1,0,0,2,3,0,1,3
ID0833,1,35,5,2,2,4,0,1,0,1,1,3,1,2
ID0834,1,36,0,2,3,3,1,1,0,1,2,0,1,3
ID0835,1,42,2,1,3,4,1,1,0,1,1,,1,3
ID0836,1,49,5,1,2,4,1,0,1,3,3,0,1,3
ID0837,1,45,3,1,4,4,1,1,0,1,2,1,1,2
ID0838,1,33,8,2,3,4,1,1,0,1,2,2,1,2
ID0839,1,38,88,0,2,4,1,0,0,0,4,3,1,2
ID0840,1,36,0,0,5,3,1,0,0,0,4,1,1,2
ID0841,1,37,10,2,2,4,1,0,1,1,1,,1,3
ID0842,1,24,6,2,3,4,1,0,0,2,2,3,1,2
ID0843,1,53,88,0,4,3,1,0,0,0,4,,1,3
ID0844,1,35,3,1,4,4,1,0,0,3,3,2,1,2
ID0845,1,40,4,1,4,4,1,1,0,3,3,0,1,2
ID0846,1,53,8,2,3,4,1,0,0,1,3,1,1,2
ID0847,1,57,5,1,3,4,1,1,0,1,1,0,1,3
ID0848,1,45,0,0,3,4,1,1,1,2,2,,1,3
ID0849,1,31,0,0,3,3,1,0,0,2,1,0,1,3
ID0850,1,30,10,2,4,4,1,1,1,4,4,,1,3
ID0851,1,37,5,2,2,3,1,0,1,1,3,,1,3
ID0852,1,37,2,1,2,3,1,0,0,3,2,,1,3
ID0853,1,49,3,1,4,4,1,1,0,1,4,0,1,2
ID0854,1,56,2,0,2,3,1,0,0,2,3,2,1,2
ID0855,1,40,5,1,2,4,1,1,1,1,3,0,1,3
ID0856,1,52,5,2,2,3,1,1,0,1,3,2,1,2
ID0857,1,42,5,1,4,3,1,1,0,0,2,2,1,2
ID0858,1,25,10,2,2,4,1,0,1,3,4,0,1,3
ID0859,1,24,10,2,3,4,1,1,0,2,2,2,1,2
ID0860,1,32,3,1,1,3,0,1,0,4,3,,1,3
ID0861,1,39,0,1,2,3,1,0,1,1,3,0,1,3
ID0862,1,37,2,0,1,3,1,0,0,3,3,2,1,2
ID0863,1,29,5,1,1,4,1,1,0,2,2,3,1,2
ID0864,1,57,5,0,3,4,1,1,0,3,3,2,1,2
ID0865,0,39,10,2,3,4,1,1,0,3,3,2,0,2
ID0866,0,32,88,0,3,4,1,1,1,0,4,,0,2
ID0867,0,28,3,1,4,4,1,1,0,3,3,3,0,3
ID0868,1,24,10,2,3,3,1,0,1,1,1,,0,2
ID0869,1,31,10,1,1,3,1,0,1,3,1,,0,2
ID0870,1,48,0,0,4,4,1,1,0,1,1,2,0,2
ID0871,1,34,8,2,4,4,1,1,0,1,1,0,0,2
ID0872,1,49,5,2,4,4,1,1,0,1,2,2,0,2
ID0873,1,44,10,2,2,3,1,1,1,3,4,0,0,2
ID0874,1,52,3,1,4,4,1,1,1,1,2,,0,2
ID0875,1,54,2,1,3,4,1,1,0,2,1,2,0,2
ID0876,1,25,10,2,3,3,1,0,0,3,3,0,0,2
ID0877,1,34,10,2,2,4,1,0,0,3,4,3,0,2
ID0878,1,48,5,1,3,4,1,1,0,3,2,2,0,2
ID0879,1,47,10,2,2,4,1,1,0,2,4,2,0,2
ID0880,1,42,7,1,3,3,0,1,0,4,4,2,0,2
ID0881,1,57,1,1,3,3,1,1,0,4,4,1,0,2
ID0882,1,43,0,0,4,4,1,1,0,2,3,2,0,2
ID0883,1,37,0,1,4,4,1,1,0,2,2,1,0,2
ID0884,1,45,3,2,5,4,1,0,0,1,3,1,0,2
ID0885,1,30,0,0,3,4,1,1,0,1,1,2,0,2
ID0886,1,42,5,1,3,4,1,1,0,3,4,2,0,2
ID0887,1,28,8,2,4,4,1,1,1,1,1,0,0,2
ID0888,1,33,0,0,1,3,1,0,0,1,1,1,0,2
ID0889,1,27,2,1,1,4,0,1,0,2,3,1,0,2
ID0890,1,29,5,1,2,4,1,0,0,3,2,2,0,2
ID0891,1,37,5,2,3,4,1,1,0,1,1,2,0,2
ID0892,1,47,1,0,2,4,1,0,0,2,1,3,0,2
ID0893,1,47,5,1,4,4,0,1,0,3,3,3,0,2
ID0894,1,45,88,0,3,3,1,1,0,0,3,2,0,2
ID0895,1,46,0,0,3,4,1,1,0,2,2,3,0,2
ID0896,1,28,10,2,4,4,1,1,0,3,4,1,0,2
ID0897,1,44,5,1,1,4,1,0,0,2,3,2,0,2
ID0898,1,30,5,1,1,4,1,0,0,1,2,2,0,2
ID0899,1,40,88,1,4,4,0,1,1,3,4,1,0,3
ID0900,1,53,3,1,2,3,1,1,0,2,2,2,0,2
ID0901,1,47,2,1,1,3,1,1,0,4,4,1,0,2
ID0902,1,37,3,1,4,4,1,1,1,1,1,3,0,2
ID0903,1,45,8,2,5,4,1,1,0,3,3,1,0,2
ID0904,1,58,0,0,3,2,1,1,0,0,4,1,1,2
ID0905,1,56,0,0,2,2,1,0,0,0,4,0,0,2
ID0906,1,22,,,,,,,,,,,1,
ID0907,1,20,,,,,,,,,,,0,
ID0908,1,31,88,0,4,3,1,1,0,0,2,2,0,4
ID0909,1,25,88,0,2,3,1,0,0,1,2,3,1,3
ID0910,1,46,0,0,2,3,1,0,0,3,1,,1,2
ID0911,0,37,0,0,3,2,1,0,0,4,2,,0,2
ID0912,1,45,0,0,2,3,1,1,0,0,3,,1,3
ID0913,1,42,0,0,2,3,1,1,0,0,5,,1,2
ID0914,1,57,0,0,3,4,1,1,0,3,2,,0,2
ID0915,1,52,0,0,3,4,1,1,0,3,3,,0,2
ID0916,1,48,0,0,3,3,1,1,0,1,2,,1,3
ID0917,1,33,5,1,3,2,1,0,0,0,4,2,0,2
ID0918,1,31,88,0,2,4,0,0,0,1,1,3,1,3
ID0919,1,32,0,0,4,4,1,0,0,3,3,,0,2
ID0920,1,30,0,0,4,4,0,0,0,2,5,,0,2
ID0921,1,37,0,0,3,99,1,0,0,2,2,3,0,3
ID0922,1,29,0,0,2,3,1,0,0,0,2,,0,0
ID0923,1,30,5,1,3,3,1,1,0,1,4,2,1,3
ID0924,1,46,6,0,3,2,1,0,0,0,4,0,1,2
ID0925,1,40,3,1,3,4,1,1,0,4,1,2,0,2
ID0926,1,42,5,1,2,3,1,1,0,2,1,2,0,2
ID0927,1,23,5,1,4,3,1,1,0,1,2,0,1,3
ID0928,0,31,5,1,3,3,1,1,0,4,4,0,1,3
ID0929,1,39,3,2,3,4,1,0,0,4,4,3,1,3
ID0930,1,47,5,1,5,3,1,0,0,4,2,2,1,3
ID0931,1,34,0,0,3,4,1,0,0,4,4,3,0,2
ID0932,1,35,0,0,3,3,1,1,0,4,4,0,1,2
ID0933,1,48,10,2,3,4,1,1,0,4,4,2,0,2
ID0934,1,49,10,2,3,4,1,1,0,4,1,2,1,2
ID0935,1,35,12,2,1,4,1,1,0,2,2,,1,3
ID0936,1,27,0,0,4,3,1,1,0,2,2,0,1,3
ID0937,1,34,5,1,3,3,1,1,0,0,4,0,0,2
ID0938,1,29,0,1,3,4,1,0,0,1,1,0,1,3
ID0939,1,44,0,0,3,4,1,0,0,0,4,0,1,3
ID0940,1,39,6,2,3,4,0,0,0,1,1,2,0,2
ID0941,1,26,8,2,4,4,0,0,0,2,2,2,0,2
ID0942,1,31,88,0,2,3,1,0,0,1,2,3,1,3
ID0943,1,39,6,2,4,2,1,0,0,1,4,2,0,2
ID0944,1,43,0,0,4,3,0,0,0,0,4,,0,2
ID0945,1,47,0,0,4,3,1,0,0,1,1,0,0,2
ID0946,1,56,0,0,3,3,1,0,0,0,2,2,0,2
ID0947,1,25,0,1,4,3,1,0,0,1,1,0,0,2
ID0948,1,43,0,0,1,4,1,0,0,1,2,,0,2
ID0949,1,41,0,0,4,3,1,0,0,1,2,0,0,2
ID0950,1,45,0,2,3,4,1,0,0,4,4,0,0,2
ID0951,1,31,0,0,3,4,1,0,0,0,3,0,1,2
ID0952,1,29,88,0,3,4,1,0,0,4,4,0,1,2
ID0953,1,29,12,1,3,3,0,0,0,1,3,0,1,2
ID0954,1,36,2,0,3,3,1,0,0,0,4,0,0,2
ID0955,1,41,0,0,4,3,1,1,0,0,2,0,0,2
ID0956,1,31,0,0,2,3,1,1,0,3,1,,0,2
ID0957,1,35,8,2,1,4,1,1,0,3,4,2,1,4
ID0958,1,34,0,0,3,4,1,1,0,1,2,0,0,2
ID0959,1,37,7,2,3,3,1,1,0,3,1,2,1,2
ID0960,1,57,0,0,4,1,1,0,0,1,1,0,1,2
ID0961,1,29,5,1,2,3,1,0,0,2,1,,1,2
ID0962,1,57,0,0,4,1,1,0,0,3,2,,1,2
ID0963,1,51,8,2,3,4,1,0,0,1,2,1,1,2
ID0964,1,47,0,0,4,4,1,0,0,0,4,0,0,2
ID0965,1,29,88,0,2,3,1,0,0,0,3,0,0,2
ID0966,1,29,14,2,3,4,1,0,0,2,1,2,1,2
ID0967,1,38,88,0,2,3,1,0,0,0,2,0,0,2
ID0968,1,49,12,2,3,3,0,0,0,1,1,2,1,2
ID0969,1,33,0,0,3,2,1,0,0,0,2,0,0,2
ID0970,1,26,0,0,3,2,0,0,0,1,1,2,1,2
ID0971,1,28,5,0,2,4,1,0,0,3,4,,1,3
ID0972,1,47,0,0,3,3,1,0,0,4,4,0,1,2
ID0973,1,26,10,2,3,3,1,0,0,3,2,2,0,2
ID0974,1,32,5,2,3,4,1,0,0,1,1,3,1,2
ID0975,1,33,4,1,4,4,1,0,0,2,1,,1,3
ID0976,1,39,0,0,2,3,1,0,0,0,1,,0,2
ID0977,1,59,0,0,2,3,1,0,0,0,1,,0,2
ID0978,1,38,0,0,3,3,1,0,0,0,2,0,1,2
ID0979,1,31,0,1,4,4,1,1,0,2,2,0,1,2
ID0980,1,49,0,0,4,4,1,0,0,1,2,0,1,2
ID0981,1,48,0,0,4,3,1,0,0,1,2,0,1,2
ID0982,1,30,0,0,3,3,1,0,0,0,2,0,0,2
ID0983,1,29,0,0,3,4,1,0,0,2,2,0,0,2
ID0984,1,48,5,1,4,4,1,0,0,1,3,0,0,2
ID0985,1,28,5,2,2,2,1,0,0,1,2,0,0,2
ID0986,1,23,0,0,4,3,1,0,0,1,3,0,1,2
ID0987,1,24,0,0,3,4,1,0,0,0,2,0,0,2
ID0988,1,37,88,0,3,3,1,1,0,4,2,1,1,2
ID0989,1,46,88,0,3,3,1,0,0,0,2,1,0,2
ID0990,1,34,5,1,3,3,1,0,0,4,2,0,0,2
ID0991,1,27,8,2,2,3,1,1,0,2,2,2,0,2
ID0992,1,53,,,,,,,,,,,1,
ID0993,1,55,,,,,,,,,,,1,
ID0994,1,23,,,,,,,,,,,1,
ID0995,1,23,,,,,,,,,,,1,
ID0996,1,24,,,,,,,,,,,1,
ID0997,1,23,,,,,,,,,,,1,
ID0998,1,23,,,,,,,,,,,1,
ID0999,1,19,,,,,,,,,,,0,
ID1000,1,19,,,,,,,,,,,0,
ID1001,1,23,,,,,,,,,,,0,
ID1002,1,23,,,,,,,,,,,0,
ID1003,1,23,,,,,,,,,,,0,
ID1004,1,38,0,0,2,3,1,0,1,4,3,,0,2
ID1005,0,24,8,1,4,3,1,1,0,0,4,2,1,2
ID1006,0,25,10,2,4,4,0,1,0,3,4,2,0,2
ID1007,1,29,5,2,3,4,1,0,1,1,3,1,0,2
ID1008,1,35,0,0,2,4,1,0,1,3,3,,1,3
ID1009,1,37,5,2,1,4,1,1,1,0,1,,0,2
ID1010,1,39,88,0,3,3,1,1,1,0,4,,0,2
ID1011,1,41,5,1,4,3,1,0,1,2,3,0,1,3
ID1012,1,29,5,2,4,2,1,1,1,3,2,,1,0
ID1013,0,25,4,1,4,3,1,0,0,0,3,2,1,2
ID1014,0,27,99,0,3,4,1,1,0,0,3,2,1,2
ID1015,0,25,8,1,4,4,1,0,0,0,4,2,1,2
ID1016,0,31,3,0,2,4,0,1,1,3,3,0,1,3
ID1017,0,31,99,0,4,4,1,1,0,3,3,2,1,2
ID1018,1,42,0,1,3,3,1,1,1,0,4,0,1,3
ID1019,1,27,7,2,3,3,1,1,1,0,2,0,1,3
ID1020,1,57,0,0,3,3,1,1,1,0,3,,1,3
ID1021,1,38,88,0,3,2,1,0,0,0,3,1,1,2
ID1022,1,38,0,0,1,4,1,0,0,0,3,,1,3
ID1023,1,32,88,0,3,3,1,0,0,0,1,2,1,2
ID1024,1,27,88,0,3,3,1,0,0,0,3,3,1,2
ID1025,1,32,0,0,1,3,1,0,0,2,2,,1,3
ID1026,1,54,0,0,4,3,1,1,0,4,2,2,1,2
ID1027,1,34,0,1,1,2,1,0,0,4,2,1,1,2
ID1028,1,26,0,0,4,4,1,1,0,3,2,2,1,2
ID1029,1,44,0,0,4,4,1,1,0,4,2,2,1,2
ID1030,1,35,0,0,2,3,1,0,1,4,3,0,1,3
ID1031,1,37,0,0,1,3,1,0,0,3,4,3,1,2
ID1032,1,36,0,0,1,3,1,0,0,3,3,2,1,2
ID1033,1,55,0,0,5,3,1,1,1,1,1,1,1,2
ID1034,1,53,0,1,4,4,1,0,1,1,1,0,1,3
ID1035,1,48,0,0,3,4,1,1,0,2,4,1,1,2
ID1036,1,39,0,0,4,3,1,1,1,2,4,2,1,2
ID1037,1,35,0,0,2,2,1,0,1,1,3,,1,3
ID1038,1,37,10,2,5,4,1,1,0,1,1,1,1,2
ID1039,0,25,99,0,4,3,1,1,0,0,3,3,0,2
ID1040,0,30,88,0,4,3,1,0,0,0,3,2,0,2
ID1041,0,52,5,2,4,3,1,0,1,0,2,2,0,2
ID1042,0,30,0,0,3,4,1,1,0,3,2,2,0,2
ID1043,0,27,5,1,4,4,1,1,0,3,4,2,0,2
ID1044,1,47,88,0,3,4,1,1,0,0,2,0,0,2
ID1045,1,37,0,0,4,4,1,1,0,0,4,1,0,2
ID1046,1,40,0,0,2,4,1,0,0,0,2,2,0,2
ID1047,1,25,0,1,3,4,1,1,0,0,4,,0,2
ID1048,1,35,0,0,1,3,1,0,0,0,3,,0,2
ID1049,1,57,0,0,4,4,1,1,0,0,2,1,0,2
ID1050,1,49,88,1,1,4,0,1,0,3,2,0,0,2
ID1051,1,54,0,0,4,3,1,1,0,4,2,2,0,2
ID1052,1,55,0,0,2,2,1,1,0,3,3,1,0,2
ID1053,1,36,0,0,2,3,1,1,0,3,3,0,0,2
ID1054,1,28,8,2,4,4,1,1,0,2,2,1,0,2
ID1055,1,21,5,2,3,3,1,1,1,2,1,,0,2
ID1056,1,45,0,0,4,3,1,1,1,1,2,1,0,2
ID1057,1,42,0,0,3,3,1,1,1,1,1,1,0,2
ID1058,1,26,5,2,2,3,1,0,0,1,2,2,0,2
ID1059,1,36,88,0,2,2,1,0,0,1,4,1,0,2
ID1060,1,21,0,2,2,3,1,0,1,1,3,,0,2
ID1061,1,39,0,0,1,4,1,0,0,1,2,3,0,2
ID1062,1,56,88,0,3,3,1,1,0,1,2,1,0,2
ID1063,1,22,,,,,,,,,,,1,
ID1064,1,32,0,0,3,3,1,1,0,2,2,2,1,2
ID1065,1,41,0,0,3,99,1,1,0,1,4,1,1,2
ID1066,1,47,2,1,4,3,1,1,0,2,4,3,1,2
ID1067,1,29,0,0,4,99,1,1,0,0,1,2,1,2
ID1068,1,27,0,0,4,2,1,1,0,0,2,1,1,2
ID1069,1,31,0,0,2,3,1,1,0,2,1,3,1,2
ID1070,1,29,8,2,2,3,1,0,0,4,4,1,1,2
ID1071,1,40,0,0,4,3,0,1,0,3,2,3,1,2
ID1072,1,54,0,0,2,99,1,1,0,1,3,2,1,2
ID1073,1,31,0,0,2,3,1,1,0,4,1,1,1,2
ID1074,1,37,5,1,2,3,1,1,0,4,4,3,1,2
ID1075,1,32,4,1,2,3,1,1,0,2,3,1,1,2
ID1076,1,41,0,0,4,3,1,1,0,3,1,2,0,2
ID1077,1,42,0,0,4,3,1,1,0,3,3,1,0,1
ID1078,1,25,0,0,3,3,1,1,0,3,2,2,0,2
ID1079,1,43,10,2,4,4,1,1,0,3,2,,0,2
ID1080,1,38,0,0,4,3,1,1,0,4,1,,0,2
ID1081,1,25,5,1,4,4,1,1,0,3,1,2,0,2
ID1082,1,32,0,0,2,3,1,1,0,1,2,2,0,2
ID1083,1,58,0,0,3,3,1,1,0,3,2,2,0,2
ID1084,1,45,5,1,3,2,1,1,0,4,3,0,0,2
ID1085,1,47,0,0,4,4,1,1,0,2,2,1,0,2
ID1086,0,37,14,2,2,4,1,1,0,4,3,1,0,2
ID1087,1,31,0,0,3,3,1,1,0,4,4,1,0,2
ID1088,1,32,0,0,4,3,1,1,0,3,4,3,0,2
ID1089,1,47,0,0,3,99,1,1,0,4,2,,0,1
ID1090,1,34,2,1,3,3,1,0,0,2,3,2,0,2
ID1091,1,45,0,0,4,3,1,1,0,1,4,3,0,2
ID1092,1,23,,,,,,,,,,,1,
ID1093,1,23,,,,,,,,,,,1,
ID1094,1,23,,,,,,,,,,,0,
ID1095,1,32,0,0,3,3,1,1,0,3,2,3,1,1
ID1096,1,54,0,0,3,3,1,1,0,4,2,1,1,2
ID1097,1,30,0,0,4,3,1,1,0,4,1,2,1,2
ID1098,1,37,10,2,3,3,1,1,0,3,4,2,1,2
ID1099,1,42,0,0,4,3,1,1,0,3,2,1,1,2
ID1100,1,40,0,0,3,3,1,1,0,0,3,1,1,2
ID1101,1,33,5,2,2,3,1,1,0,3,2,0,1,2
ID1102,1,41,0,0,3,3,1,1,0,1,4,,1,3
ID1103,1,30,0,0,2,3,1,1,0,1,1,,1,2
ID1104,1,57,0,0,2,3,1,1,0,4,2,0,1,2
ID1105,1,48,0,0,3,4,1,1,0,2,4,2,1,3
ID1106,1,37,0,0,2,3,1,1,0,1,4,,1,2
ID1107,1,40,4,1,4,3,1,1,0,2,3,3,1,2
ID1108,1,57,8,2,3,3,1,1,0,1,4,3,0,1
ID1109,1,42,0,0,4,4,1,1,0,2,2,2,0,2
ID1110,1,29,14,2,2,3,1,1,0,2,1,0,0,2
ID1111,1,35,0,0,3,3,1,1,0,4,1,0,0,2
ID1112,1,36,0,0,4,3,1,1,0,2,1,3,0,2
ID1113,1,43,0,0,4,4,1,1,0,4,4,1,0,2
ID1114,1,45,10,2,2,3,1,0,0,2,1,3,0,2
ID1115,1,57,0,0,4,3,1,1,0,3,2,,0,2
ID1116,1,47,5,1,4,3,1,1,0,4,1,2,0,2
ID1117,1,44,0,0,4,3,1,1,0,2,3,,0,2
ID1118,1,47,0,0,2,3,1,1,0,2,3,,0,2
ID1119,1,32,8,2,4,3,1,1,0,2,1,,0,2
ID1120,1,38,0,0,2,3,1,1,0,2,1,2,0,2
ID1121,1,22,,,,,,,,,,,0,
ID1122,1,23,,,,,,,,,,,0,
ID1123,1,48,0,0,3,2,1,1,0,4,3,1,1,2
ID1124,1,32,2,1,4,3,1,1,0,1,1,0,1,2
ID1125,1,35,0,0,3,3,1,1,0,3,1,1,1,2
ID1126,1,44,0,0,3,3,1,1,0,2,3,2,1,3
ID1127,1,37,6,2,4,3,1,1,0,1,3,3,1,1
ID1128,1,46,0,0,2,99,1,1,0,2,3,1,1,2
ID1129,1,31,0,0,2,3,1,0,0,2,4,1,1,2
ID1130,1,38,0,0,4,3,1,1,0,1,4,2,1,2
ID1131,1,49,0,0,2,3,1,1,0,3,4,3,1,2
ID1132,1,57,0,0,4,3,1,1,0,1,2,1,1,2
ID1133,1,52,0,0,4,3,1,1,0,3,3,1,1,2
ID1134,1,38,0,0,3,3,1,1,0,2,3,,1,2
ID1135,1,37,0,0,4,3,1,1,0,1,3,,1,2
ID1136,1,51,14,2,4,3,1,1,0,0,2,1,1,2
ID1137,1,48,2,1,4,3,0,0,0,2,4,2,0,2
ID1138,1,40,8,2,2,3,1,1,0,2,2,2,0,2
ID1139,1,27,5,2,4,4,1,1,1,2,2,,0,2
ID1140,1,31,8,2,2,3,1,0,0,3,3,1,0,2
ID1141,1,32,0,0,3,3,1,1,0,3,4,2,0,2
ID1142,1,47,0,0,3,3,1,1,0,4,2,2,0,2
ID1143,1,40,0,0,2,99,1,1,0,2,2,2,0,2
ID1144,1,36,10,2,2,4,1,1,0,1,4,,0,2
ID1145,1,57,0,0,2,3,1,1,0,0,3,3,0,2
ID1146,1,33,8,2,2,3,1,1,0,4,2,2,0,1
ID1147,1,50,0,0,3,99,1,1,0,4,4,2,0,2
ID1148,1,52,0,0,3,3,1,1,0,2,3,2,0,2
ID1149,1,35,0,0,4,3,1,1,0,4,1,0,0,2
ID1150,1,42,0,0,2,3,1,1,0,1,4,1,0,2
ID1151,1,23,,,,,,,,,,,1,
ID1152,1,22,,,,,,,,,,,1,
ID1153,1,22,,,,,,,,,,,0,
ID1154,1,37,5,2,3,3,1,1,0,4,4,1,1,2
ID1155,1,37,0,0,3,3,1,0,0,2,2,2,1,2
ID1156,1,31,0,0,2,3,1,1,0,1,1,1,1,2
ID1157,1,28,0,0,3,3,1,1,0,3,2,3,1,2
ID1158,0,34,12,2,2,4,1,1,0,4,3,,1,3
ID1159,1,32,0,0,4,3,1,1,0,2,1,3,1,2
ID1160,1,30,0,0,4,3,1,1,0,2,4,1,1,2
ID1161,1,35,0,0,3,3,1,1,0,4,1,1,1,2
ID1162,1,47,0,0,2,3,1,1,0,0,3,2,1,2
ID1163,1,44,8,2,4,4,1,1,0,1,1,1,1,2
ID1164,1,47,3,1,4,3,1,1,0,2,3,3,1,2
ID1165,1,25,0,0,2,3,1,1,0,1,2,1,1,2
ID1166,1,33,0,0,4,3,1,1,0,2,4,2,1,2
ID1167,1,42,0,0,3,3,1,1,1,1,1,,0,2
ID1168,1,47,0,0,3,2,1,1,0,4,1,0,0,2
ID1169,1,19,0,0,4,99,1,1,0,2,3,2,0,2
ID1170,1,28,0,0,2,3,1,1,0,2,2,1,0,2
ID1171,1,30,0,0,2,4,1,1,0,4,3,1,0,2
ID1172,1,34,12,2,2,3,0,0,0,1,1,1,0,2
ID1173,1,45,0,0,3,3,1,1,0,2,2,2,0,2
ID1174,1,53,0,0,4,3,1,1,0,4,1,2,0,1
ID1175,1,27,12,2,3,3,1,1,0,3,1,,0,2
ID1176,1,39,0,0,4,3,1,0,0,4,2,3,0,2
ID1177,1,47,0,0,4,2,1,1,0,2,4,1,0,2
ID1178,1,42,0,0,4,3,1,0,0,2,2,1,0,2
ID1179,1,33,0,0,4,3,1,1,0,1,1,1,0,2
ID1180,1,46,5,2,4,3,1,1,1,1,1,,0,2
ID1181,1,39,10,2,3,3,1,1,0,0,2,2,1,3
ID1182,1,35,0,0,4,4,1,1,0,0,2,,1,2
ID1183,0,42,0,0,3,4,1,1,1,0,2,,1,2
ID1184,1,35,0,0,3,3,0,1,1,0,2,,0,2
ID1185,0,46,0,0,4,3,1,1,0,0,1,2,1,3
ID1186,1,44,0,0,3,3,1,1,0,0,4,,1,2
ID1187,1,26,0,0,3,3,0,1,0,0,1,,0,2
ID1188,1,50,0,0,3,3,0,1,1,0,1,,0,2
ID1189,1,32,0,0,4,4,0,1,0,0,3,2,1,2
ID1190,1,38,0,0,4,4,1,1,0,0,4,,0,2
ID1191,0,35,14,2,4,4,0,1,0,3,4,2,0,2
ID1192,1,42,7,2,4,3,1,1,1,0,1,,1,2
ID1193,0,28,9,2,3,4,1,1,0,4,3,,0,1
ID1194,0,47,11,2,3,3,1,1,0,4,3,2,1,3
ID1195,1,37,13,2,3,3,1,1,0,1,1,,1,2
ID1196,1,35,7,2,3,3,1,1,1,2,4,,0,2
ID1197,1,43,9,2,3,4,1,1,1,0,4,,1,2
ID1198,1,42,8,2,4,4,1,1,1,3,2,,1,3
ID1199,1,51,12,2,3,4,1,1,1,3,2,2,0,2
ID1200,1,42,9,2,3,3,1,1,0,3,4,2,0,2
ID1201,1,46,10,2,4,4,1,1,0,3,4,2,1,3
ID1202,0,39,6,2,4,4,0,1,0,4,4,2,0,2
ID1203,1,35,3,1,3,3,0,0,1,1,4,,0,2
ID1204,1,44,3,1,3,4,0,0,1,0,4,,0,2
ID1205,1,47,11,2,4,4,1,1,0,0,1,2,1,3
ID1206,1,39,14,2,4,3,1,1,0,1,1,,1,3
ID1207,1,32,7,2,2,3,1,1,0,2,4,2,0,1
ID1208,1,37,5,2,3,3,1,1,0,1,1,,1,2
ID1209,1,31,14,2,2,4,0,1,1,2,1,2,1,1
ID1210,1,52,14,2,4,4,1,1,0,0,3,2,0,2
ID1211,1,37,14,2,4,3,1,1,0,2,4,,0,2
ID1212,1,58,14,2,2,4,0,1,0,3,2,2,0,2
ID1213,1,29,12,2,3,4,0,1,1,1,2,2,0,2
ID1214,1,48,1,0,2,4,0,0,1,2,2,,1,2
ID1215,1,29,1,0,2,3,0,0,1,4,3,,0,2
ID1216,1,58,8,2,3,3,1,1,0,0,4,2,1,3
ID1217,1,37,8,2,2,4,0,1,1,2,2,2,0,2
ID1218,0,31,2,1,3,3,1,0,0,2,3,2,0,2
ID1219,1,42,9,2,2,3,0,1,1,2,1,,1,2
ID1220,1,40,2,1,2,4,1,0,1,0,1,,1,2
ID1221,1,37,10,2,2,3,0,1,0,3,2,,1,3
ID1222,1,29,6,2,3,3,0,1,0,1,4,2,1,3
ID1223,1,31,3,1,3,3,1,0,0,0,4,2,0,1
ID1224,0,35,10,2,3,3,1,1,0,4,3,2,0,1
ID1225,1,41,9,2,3,4,0,1,1,2,2,2,1,4
ID1226,1,45,13,2,4,4,1,1,0,2,3,2,0,1
ID1227,1,54,5,2,3,4,0,1,0,4,3,2,0,1
ID1228,0,31,14,2,4,4,0,1,0,1,1,2,1,3
ID1229,1,47,4,1,4,4,0,1,0,2,3,2,1,2
ID1230,1,48,12,2,4,3,0,1,1,1,4,,0,2
ID1231,1,48,2,1,3,4,0,0,1,4,4,,1,2
ID1232,1,24,7,2,4,3,1,1,1,2,3,,1,3
ID1233,1,26,3,1,3,4,0,0,1,3,2,,0,1
ID1234,1,26,2,1,4,3,1,0,1,1,2,,0,1
ID1235,1,32,9,2,3,4,1,1,0,3,1,,0,1
ID1236,1,36,3,1,4,4,1,0,0,0,4,2,1,3
ID1237,0,30,4,1,4,4,1,1,0,0,3,2,1,3
ID1238,0,44,5,2,4,3,0,1,0,2,1,2,0,1
ID1239,1,31,12,2,3,4,0,1,0,3,2,2,1,3
ID1240,1,37,8,2,3,4,1,1,0,1,3,2,1,5
ID1241,1,36,0,0,3,4,0,0,0,0,4,2,0,2
ID1242,1,34,11,2,4,4,1,1,0,0,3,2,0,2
ID1243,1,52,4,1,4,3,1,0,1,2,1,,1,3
ID1244,1,43,10,2,4,3,1,1,0,2,4,,0,1
ID1245,0,31,8,2,4,3,0,1,0,4,3,2,0,1
ID1246,1,44,6,2,4,4,1,1,0,2,4,2,0,2
ID1247,1,37,14,2,2,4,1,1,1,0,2,,0,1
ID1248,1,47,14,2,3,4,1,1,0,3,2,2,0,2
ID1249,0,28,13,2,4,3,1,1,1,1,1,2,0,2
ID1250,1,44,10,2,3,4,0,1,1,0,2,,1,2
ID1251,1,35,4,1,4,4,0,0,0,1,3,,1,2
ID1252,1,33,9,2,4,4,0,1,0,0,4,,0,1
ID1253,1,31,3,1,4,3,1,0,0,1,4,2,1,3
ID1254,1,47,1,0,4,3,1,0,0,4,4,2,1,3
ID1255,1,40,6,2,2,4,0,1,0,3,2,2,1,3
ID1256,1,28,12,2,3,4,1,1,1,0,4,2,1,4
ID1257,1,33,6,2,3,3,0,1,1,2,2,2,0,2
ID1258,1,26,7,2,3,4,1,1,0,0,2,2,0,2
ID1259,1,42,14,2,3,4,1,1,1,2,4,,1,3
ID1260,1,29,8,2,3,4,1,1,1,3,2,,0,2
ID1261,1,27,9,2,3,4,0,1,0,2,4,,1,2
ID1262,1,35,9,2,4,4,0,1,0,0,4,2,0,2
ID1263,1,35,14,2,3,4,0,1,1,2,4,,1,2
ID1264,1,37,13,2,4,3,0,1,1,3,2,,0,1
ID1265,1,32,14,2,4,4,0,1,1,2,1,2,0,2
ID1266,1,36,6,2,4,4,0,1,0,2,3,,1,2
ID1267,1,31,12,2,4,4,0,1,0,3,3,,0,2
ID1268,1,24,5,2,4,3,0,1,0,1,4,2,1,5
ID1269,1,50,3,1,4,4,1,0,0,0,2,2,1,3
ID1270,1,44,9,2,4,3,0,1,0,3,1,2,1,3
ID1271,1,46,11,2,4,4,0,1,0,4,4,2,1,3
ID1272,1,47,10,2,3,4,0,1,0,2,4,2,0,2
ID1273,1,46,10,2,4,4,1,1,0,2,1,2,0,2
ID1274,1,28,4,1,3,4,0,1,0,1,4,,0,2
ID1275,1,59,7,2,4,4,0,1,0,4,1,2,0,2
ID1276,1,49,13,2,4,3,1,1,0,4,4,2,0,2
ID1277,1,44,13,2,3,4,1,1,1,4,4,,0,1
ID1278,1,47,13,2,3,3,1,1,0,1,4,2,1,3
ID1279,1,37,13,2,3,4,1,1,0,0,4,2,0,2
ID1280,1,55,13,2,4,3,1,1,1,0,1,2,1,4
ID1281,1,35,1,0,4,4,0,0,0,1,3,,1,2
ID1282,1,47,6,2,4,4,1,1,0,3,4,,0,2
ID1283,1,24,0,0,3,3,0,0,0,0,2,,1,3
ID1284,0,27,10,2,3,4,0,1,0,4,1,2,1,3
ID1285,1,53,4,1,4,4,1,0,0,2,4,2,0,2
ID1286,1,39,7,2,3,4,1,1,1,3,2,,1,2
ID1287,0,36,4,1,3,3,1,1,0,0,4,,1,2
ID1288,1,35,5,2,3,3,0,1,1,0,4,2,1,3
ID1289,0,33,8,2,4,3,1,1,0,2,3,2,1,3
ID1290,1,25,4,1,3,4,1,1,0,0,4,2,1,3
ID1291,0,27,7,2,3,3,0,1,1,1,2,2,1,0
ID1292,0,22,,,,,,,,,,,0,
ID1293,1,22,,,,,,,,,,,0,
ID1294,0,35,8,2,4,3,0,0,1,0,4,,1,3
ID1295,0,56,12,2,4,3,1,0,1,0,4,,1,0
ID1296,0,47,99,0,2,4,0,1,1,0,4,,1,3
ID1297,0,37,0,0,3,3,1,0,1,0,1,,1,3
ID1298,1,41,0,0,3,4,1,0,1,0,3,,1,3
ID1299,1,55,8,2,4,2,1,0,1,0,2,0,1,3
ID1300,1,36,88,0,3,4,1,0,1,0,2,0,1,3
ID1301,0,55,1,1,4,4,1,0,1,3,4,,1,3
ID1302,1,44,0,0,2,4,0,1,0,4,3,,1,3
ID1303,1,51,0,0,3,4,1,1,0,4,2,,1,3
ID1304,1,47,0,0,1,3,0,0,1,4,2,,1,3
ID1305,1,46,0,0,4,3,1,1,0,3,2,0,1,3
ID1306,1,37,0,0,1,4,1,0,0,4,2,0,1,3
ID1307,0,43,8,1,2,4,1,1,0,3,3,2,1,2
ID1308,0,37,5,1,4,4,1,1,0,3,3,2,1,2
ID1309,0,31,5,0,4,4,0,1,0,3,4,2,1,2
ID1310,0,26,1,0,4,4,1,0,0,3,3,1,1,2
ID1311,1,41,0,0,3,3,1,0,0,1,2,2,1,2
ID1312,1,43,5,2,3,4,1,0,0,3,3,2,1,2
ID1313,1,39,88,2,3,3,0,0,0,3,3,3,1,2
ID1314,1,49,0,0,2,3,1,0,0,3,3,2,1,2
ID1315,1,48,5,2,2,4,1,1,1,1,3,2,1,2
ID1316,1,39,0,0,2,3,1,0,0,1,1,2,1,2
ID1317,1,38,10,2,2,4,1,0,0,3,4,2,1,2
ID1318,1,32,10,2,2,3,1,0,0,3,2,1,1,2
ID1319,1,39,8,2,4,4,1,0,0,2,2,2,1,2
ID1320,1,54,88,0,4,4,1,0,0,2,4,2,1,2
ID1321,1,39,0,1,2,3,1,0,1,3,3,2,1,2
ID1322,1,28,10,2,2,3,0,0,0,3,3,2,1,2
ID1323,1,36,0,2,2,3,0,1,0,1,1,3,1,2
ID1324,1,42,2,0,3,4,1,1,0,1,4,1,1,2
ID1325,1,29,0,0,4,4,1,1,0,3,1,1,1,2
ID1326,1,33,0,0,3,3,1,1,0,1,1,1,1,2
ID1327,1,42,2,0,3,3,1,1,0,4,1,1,1,2
ID1328,1,19,4,1,2,4,1,1,0,2,4,2,1,2
ID1329,1,36,0,0,4,3,1,1,0,3,2,1,1,2
ID1330,1,40,0,0,4,3,1,1,0,2,4,3,1,2
ID1331,1,40,3,0,3,3,1,1,0,3,2,1,1,2
ID1332,0,55,88,0,4,3,1,1,1,0,4,,0,2
ID1333,0,26,7,2,4,3,1,1,1,0,4,0,0,2
ID1334,1,37,88,0,4,3,1,1,1,0,2,,0,2
ID1335,1,49,8,2,3,4,1,0,1,0,2,,0,2
ID1336,1,39,0,0,2,3,1,1,1,0,4,0,0,2
ID1337,1,38,0,0,3,4,0,1,1,0,2,,0,2
ID1338,0,26,0,1,1,4,1,1,0,4,2,2,0,2
ID1339,1,34,0,0,2,3,1,0,0,3,1,2,0,2
ID1340,1,44,5,1,1,4,1,0,0,4,2,2,0,2
ID1341,1,40,0,0,1,3,1,0,0,4,2,2,0,2
ID1342,1,32,0,0,4,4,1,1,0,4,3,1,0,2
ID1343,0,36,10,2,4,4,1,0,0,3,4,2,0,2
ID1344,0,29,8,2,4,4,1,1,0,3,3,2,0,2
ID1345,0,37,8,2,4,4,1,1,0,3,3,2,0,2
ID1346,0,36,0,0,2,4,1,1,0,1,2,1,0,2
ID1347,0,35,10,2,2,4,1,0,1,3,1,,0,2
ID1348,0,42,2,1,4,4,1,0,0,2,2,1,0,2
ID1349,1,34,5,2,2,3,1,0,1,1,3,,0,2
ID1350,1,43,5,0,2,4,0,0,1,3,3,0,0,2
ID1351,1,58,7,2,2,3,0,0,1,2,3,,0,2
ID1352,1,44,10,2,2,4,1,1,1,4,3,,0,2
ID1353,1,35,5,2,4,4,0,0,0,2,3,2,0,2
ID1354,1,38,0,2,4,3,1,0,0,3,3,2,0,2
ID1355,1,35,88,0,3,3,1,0,0,1,2,2,0,2
ID1356,1,50,0,0,2,3,1,0,0,3,3,2,0,2
ID1357,1,57,0,0,4,4,1,1,0,3,3,2,0,2
ID1358,1,31,10,2,2,3,0,0,0,3,1,1,0,2
ID1359,1,27,10,2,4,4,1,0,0,2,2,2,0,2
ID1360,1,34,0,0,3,4,1,1,0,2,2,2,0,2
ID1361,1,29,0,0,3,4,1,1,0,2,2,2,0,2
ID1362,1,52,2,1,4,4,1,1,0,2,1,1,0,2
ID1363,1,34,3,0,2,3,0,1,0,3,1,2,0,2
ID1364,1,24,5,1,4,4,1,1,0,2,2,2,0,2
ID1365,1,53,5,2,2,3,1,1,1,4,1,2,0,2
ID1366,1,30,8,2,3,4,1,1,1,2,1,,0,2
ID1367,1,52,0,0,2,4,1,1,1,2,4,,0,2
ID1368,1,38,1,0,4,3,1,1,0,2,2,,0,2
ID1369,1,44,0,0,4,4,1,1,0,3,4,1,0,2
ID1370,1,32,12,2,3,3,1,1,1,3,2,,1,2
ID1371,0,53,8,2,3,3,0,0,0,0,4,2,1,3
ID1372,1,27,0,1,3,1,1,0,0,2,1,0,1,2
ID1373,1,48,0,1,2,4,1,0,0,2,4,,1,2
ID1374,1,51,0,0,3,4,0,0,0,1,2,,1,2
ID1375,1,32,0,0,2,2,1,0,0,1,2,3,1,2
ID1376,1,39,88,0,3,4,1,0,0,4,2,0,1,2
ID1377,1,38,88,0,3,2,1,0,0,0,4,2,1,2
ID1378,1,51,0,0,2,2,1,0,0,1,2,3,1,2
ID1379,0,20,88,0,2,4,0,0,0,1,2,3,0,3
ID1380,1,26,7,2,3,4,1,0,0,4,2,2,0,2
ID1381,1,29,14,2,4,4,1,0,0,2,1,2,1,1
ID1382,1,47,0,0,2,2,1,0,0,2,1,,1,2
ID1383,1,38,0,1,4,4,1,1,0,1,3,0,0,2
ID1384,1,48,0,0,2,2,1,0,0,0,1,0,1,2
ID1385,1,28,10,2,3,2,1,0,0,0,2,0,0,2
ID1386,1,38,0,0,2,4,1,0,0,1,2,2,1,1
ID1387,1,34,8,2,3,4,0,1,0,3,2,2,0,2
ID1388,1,38,99,0,1,3,1,0,0,1,4,0,0,2
ID1389,1,48,0,0,3,2,1,0,0,2,2,,0,2
ID1390,1,22,10,2,3,2,1,0,0,1,2,1,0,2
ID1391,1,37,8,2,3,3,0,0,0,1,3,,0,2
ID1392,1,28,5,2,4,99,0,1,0,3,3,2,0,2
ID1393,1,37,0,0,3,2,1,0,0,1,2,0,1,2
ID1394,1,42,0,0,4,2,1,0,0,0,2,2,0,2
ID1395,0,22,10,2,3,3,0,1,0,4,4,0,1,2
ID1396,1,50,8,2,3,3,1,1,0,3,2,2,0,2
ID1397,1,52,88,0,2,4,0,0,0,1,4,2,1,2
ID1398,1,27,5,1,4,2,1,0,0,1,3,3,0,3
ID1399,1,37,0,0,3,2,1,0,0,0,4,0,0,2
ID1400,1,52,0,0,3,4,1,0,0,2,2,1,0,2
ID1401,1,39,5,2,3,1,1,0,0,4,2,0,0,2
ID1402,1,38,0,2,3,3,1,0,0,1,1,3,0,2
ID1403,0,24,14,2,4,3,1,0,0,4,2,0,0,2
ID1404,1,38,0,0,2,2,1,0,0,0,2,,1,2
ID1405,1,33,0,0,2,2,1,0,0,2,1,,1,2
ID1406,1,44,5,2,3,3,1,1,0,2,3,1,0,2
ID1407,1,51,10,2,2,4,1,1,0,2,2,3,1,2
ID1408,1,41,8,2,3,3,1,0,0,2,2,2,1,2
ID1409,1,37,10,2,4,2,1,0,0,2,2,0,0,2
ID1410,1,22,14,2,4,3,1,1,0,4,3,0,0,2
ID1411,1,35,4,1,2,99,0,0,0,3,3,2,0,2
ID1412,1,41,0,0,5,2,1,0,0,0,1,0,1,2
ID1413,0,41,8,1,3,4,1,0,0,4,4,0,0,2
ID1414,1,36,0,0,2,4,1,0,0,2,3,2,1,1
ID1415,1,47,88,0,,99,,,,,,,1,
ID1416,1,37,0,0,4,3,1,0,0,0,4,1,0,2
ID1417,1,33,10,2,3,2,0,0,1,2,1,1,1,3
ID1418,1,46,99,0,3,2,1,0,0,1,3,2,1,2
ID1419,1,24,8,2,3,2,1,1,0,1,3,0,1,2
ID1420,1,41,8,2,3,3,1,0,0,2,2,1,0,2
ID1421,1,37,0,0,3,1,1,0,0,0,2,,1,2
ID1422,1,37,8,2,4,1,1,0,0,2,1,0,1,2
ID1423,1,39,8,2,3,3,1,1,0,2,2,2,1,2
ID1424,0,39,2,1,3,3,1,0,0,4,2,2,1,2
ID1425,0,35,5,2,3,4,1,1,0,4,4,0,0,2
ID1426,1,49,12,2,3,4,1,0,0,4,2,2,1,2
ID1427,1,42,0,0,3,2,1,0,0,2,2,0,1,2
ID1428,0,37,7,2,3,3,1,0,0,4,4,0,0,2
ID1429,1,34,0,0,2,1,1,0,0,0,2,,0,0
ID1430,1,33,0,0,2,2,1,0,0,2,1,,0,3
ID1431,1,52,0,0,4,3,1,0,0,1,2,,0,2
ID1432,1,42,8,2,4,3,1,1,0,2,1,3,0,1
ID1433,1,36,0,0,4,4,1,0,0,0,3,0,0,2
ID1434,1,29,10,2,2,2,1,0,0,2,3,0,1,2
ID1435,1,33,12,2,3,2,1,0,0,2,2,0,0,2
ID1436,1,46,4,1,4,3,0,0,0,2,1,2,0,2
ID1437,1,42,5,2,3,3,0,0,0,2,2,2,0,2
ID1438,1,55,88,0,4,3,0,1,0,1,2,3,0,2
ID1439,1,37,10,2,3,4,0,0,0,4,2,0,1,2
ID1440,1,34,12,2,3,3,1,0,0,2,3,2,1,2
ID1441,1,39,,,,,,,,,,,0,
ID1442,1,49,4,1,3,3,1,1,0,4,2,2,1,3
ID1443,1,35,88,0,4,4,1,0,0,1,2,3,0,2
ID1444,1,53,14,2,3,3,1,0,0,2,2,0,1,2
ID1445,1,44,8,2,3,4,1,0,0,2,2,2,0,2
ID1446,1,43,8,2,3,4,1,0,0,4,4,1,1,2
ID1447,1,28,0,0,3,1,1,0,0,0,2,3,0,2
ID1448,1,55,8,2,3,3,1,0,0,2,3,2,0,2
ID1449,1,32,0,0,3,4,1,0,0,0,4,1,0,2
ID1450,1,45,5,0,2,3,0,0,0,1,2,,1,0
ID1451,0,37,7,2,3,4,1,0,0,4,4,0,1,2
ID1452,1,26,10,2,4,3,0,1,1,3,2,,1,3
ID1453,1,23,14,2,3,2,0,0,0,2,1,,0,2
ID1454,1,29,0,0,4,2,1,1,0,2,2,0,1,2
ID1455,1,32,,,,,,,,,,,1,
ID1456,0,35,5,2,3,3,1,0,0,4,2,2,1,2
ID1457,1,48,14,2,3,3,1,0,0,4,2,1,0,2
ID1458,1,46,5,2,2,4,0,0,0,1,2,,1,2
ID1459,1,24,0,0,2,2,1,0,0,2,1,,1,2
ID1460,1,27,0,0,3,3,1,0,0,1,2,,1,2
ID1461,1,42,0,0,4,1,1,0,0,2,2,0,0,2
ID1462,1,27,0,0,3,4,1,0,0,1,2,1,0,2
ID1463,1,27,,,,,,,,,,,1,
ID1464,1,20,,,,,,,,,,,0,
ID1465,1,47,0,0,2,3,1,0,1,0,1,0,1,3
ID1466,1,32,5,2,2,3,1,0,1,0,1,0,1,3
ID1467,1,49,88,0,3,4,1,1,1,2,2,0,1,3
ID1468,1,50,8,2,2,4,1,1,1,1,1,,1,3
ID1469,1,53,0,0,3,4,1,1,1,2,2,,1,3
ID1470,1,51,0,0,3,4,1,1,1,2,2,,1,3
ID1471,0,27,88,0,2,3,0,1,0,0,4,2,1,3
ID1472,0,30,8,1,4,4,1,1,0,0,4,2,1,2
ID1473,1,34,88,0,2,3,1,1,1,0,3,,1,3
ID1474,1,27,0,0,2,3,1,0,0,4,3,0,1,3
ID1475,1,35,0,0,4,4,0,1,0,4,1,0,1,3
ID1476,1,47,0,1,3,4,1,1,0,4,2,,1,3
ID1477,1,37,0,1,4,4,1,0,0,4,1,0,1,3
ID1478,1,29,5,2,3,3,1,1,0,4,2,2,1,2
ID1479,0,30,88,0,4,3,1,1,0,4,4,3,1,3
ID1480,0,20,88,0,4,4,1,1,0,4,4,2,1,2
ID1481,0,46,5,1,4,3,1,1,0,4,4,3,1,2
ID1482,1,39,0,0,4,4,1,1,0,1,1,1,1,2
ID1483,1,30,0,0,4,3,1,1,0,3,1,1,1,2
ID1484,1,40,0,0,3,3,1,1,0,1,1,1,1,3
ID1485,1,57,0,0,2,3,1,0,0,3,3,2,1,3
ID1486,1,35,0,0,3,4,1,0,0,2,4,1,1,2
ID1487,1,36,0,0,3,4,1,1,0,4,4,,1,3
ID1488,1,48,0,0,4,3,1,1,0,1,2,2,1,2
ID1489,1,26,0,1,1,4,1,0,0,4,4,3,1,3
ID1490,1,39,5,1,1,3,1,0,0,3,3,2,1,3
ID1491,1,43,0,1,2,4,1,1,0,3,3,2,1,3
ID1492,1,46,8,1,1,3,1,0,0,4,3,1,1,3
ID1493,1,54,0,1,2,4,1,0,0,3,3,2,1,3
ID1494,1,42,3,1,3,3,1,1,1,2,1,0,1,3
ID1495,1,35,8,2,3,3,1,0,0,3,4,1,1,3
ID1496,1,47,10,2,1,4,0,0,0,2,2,2,1,2
ID1497,1,28,8,2,3,3,1,1,0,2,2,2,1,3
ID1498,1,26,8,2,3,3,1,1,0,2,2,2,1,2
ID1499,1,46,10,2,3,4,1,1,0,2,2,2,1,2
ID1500,1,37,5,2,2,4,1,0,0,1,3,2,1,3
ID1501,1,29,5,2,3,3,1,1,0,2,2,2,1,2
ID1502,1,36,88,0,3,3,1,1,1,1,3,0,0,2
ID1503,1,48,0,0,2,4,1,1,1,1,1,,0,2
ID1504,1,57,0,0,5,3,1,1,1,1,1,,0,2
ID1505,1,34,0,0,3,4,1,1,1,2,2,0,0,2
ID1506,1,30,0,1,3,3,1,1,1,2,2,0,0,2
ID1507,1,48,0,2,3,3,1,1,1,2,2,,0,2
ID1508,0,32,99,0,4,4,1,1,0,0,4,2,0,2
ID1509,0,38,88,0,4,4,1,0,0,0,4,2,0,2
ID1510,0,28,8,2,3,4,1,0,0,0,4,2,0,2
ID1511,1,53,0,0,3,4,1,1,0,0,2,2,0,2
ID1512,1,53,0,0,1,3,1,0,0,0,4,1,0,2
ID1513,1,37,0,0,3,4,1,0,1,0,1,,0,2
ID1514,1,57,0,0,3,3,1,0,0,0,1,,0,2
ID1515,1,50,0,0,1,4,1,1,0,0,2,1,0,2
ID1516,0,31,88,0,4,3,1,0,0,4,4,2,0,2
ID1517,1,49,0,0,2,3,1,0,1,4,3,2,0,2
ID1518,1,37,0,0,2,3,1,0,0,4,2,2,0,2
ID1519,1,48,0,1,1,4,1,0,1,4,1,,0,2
ID1520,1,52,0,1,1,3,1,0,0,4,1,2,0,2
ID1521,0,30,8,2,4,3,1,0,0,4,4,2,0,2
ID1522,1,41,0,0,4,4,1,1,0,1,2,1,0,2
ID1523,1,46,88,0,2,4,0,0,0,1,3,1,0,2
ID1524,1,48,0,0,1,4,1,1,0,1,1,2,0,2
ID1525,1,28,0,0,2,4,1,0,0,3,3,2,0,1
ID1526,1,56,0,0,2,4,1,1,0,3,3,1,0,2
ID1527,1,37,1,0,3,4,0,1,1,3,3,1,0,2
ID1528,1,41,0,1,2,4,1,0,0,1,2,2,0,2
ID1529,1,38,2,1,4,4,1,1,0,2,2,2,0,2
ID1530,1,35,10,2,1,4,0,0,0,3,3,2,0,2
ID1531,1,35,5,2,3,3,1,1,0,2,2,2,0,2
ID1532,1,41,10,2,3,4,1,0,0,1,3,3,0,2
ID1533,1,35,12,2,1,4,1,0,0,1,1,0,0,2
ID1534,1,39,5,2,2,3,1,0,0,3,3,2,0,2
ID1535,1,43,10,2,2,3,1,0,0,2,2,0,0,2
ID1536,1,30,8,2,4,4,1,1,0,1,1,0,0,2
ID1537,1,35,88,0,3,3,1,1,1,2,3,,0,2
ID1538,1,43,8,2,3,3,1,1,1,3,3,,0,2
ID1539,1,39,,,,,,,,,,,1,
ID1540,1,35,,,,,,,,,,,1,
ID1541,1,20,,,,,,,,,,,0,
ID1542,1,20,,,,,,,,,,,0,
ID1543,1,32,99,0,3,2,0,0,0,0,4,0,0,2
ID1544,1,30,10,2,4,2,1,1,1,2,4,2,0,2
ID1545,1,22,5,2,3,4,1,1,0,3,4,2,0,2
ID1546,1,38,5,1,3,2,1,1,0,2,2,0,1,2
ID1547,1,25,4,2,2,4,0,1,1,1,3,2,0,2
ID1548,1,40,0,0,3,3,1,1,0,2,3,1,1,2
ID1549,1,37,0,0,3,3,1,0,0,1,1,2,1,2
ID1550,1,50,5,1,3,2,1,0,0,2,4,2,1,2
ID1551,1,35,5,2,2,3,0,0,0,1,3,3,0,2
ID1552,1,42,0,1,2,3,1,0,0,3,3,2,1,2
ID1553,1,28,8,2,3,2,1,0,0,2,3,2,0,2
ID1554,1,44,99,0,3,3,1,1,0,0,4,0,0,2
ID1555,1,57,0,1,1,4,1,0,1,2,1,2,1,3
ID1556,1,46,9,2,1,3,1,0,0,2,4,0,0,2
ID1557,1,33,0,0,2,3,1,1,0,4,3,0,1,2
ID1558,1,51,0,1,3,3,1,0,0,0,2,1,0,2
ID1559,1,24,5,1,4,2,1,0,0,1,2,2,1,2
ID1560,1,42,5,2,3,3,1,0,0,1,1,0,1,2
ID1561,1,42,0,0,2,3,1,0,1,3,3,2,0,2
ID1562,1,49,0,0,2,99,1,0,0,4,4,0,0,2
ID1563,1,50,0,0,4,4,1,0,0,2,2,,1,2
ID1564,1,48,0,0,1,3,1,0,0,4,4,0,1,2
ID1565,1,37,0,0,2,3,1,0,1,1,3,2,1,3
ID1566,1,30,0,1,1,3,1,0,0,3,1,1,1,2
ID1567,1,31,5,1,2,2,1,0,0,3,1,1,0,2
ID1568,1,47,99,0,3,4,1,0,0,2,3,2,0,2
ID1569,1,27,8,2,3,3,1,1,0,0,2,2,1,2
ID1570,1,41,0,0,4,4,1,1,1,0,2,0,1,3
ID1571,1,28,10,2,3,3,1,1,1,1,1,0,0,2
ID1572,1,55,0,0,3,3,1,1,0,1,1,1,1,2
ID1573,1,41,0,0,2,3,1,1,1,0,1,0,1,2
ID1574,1,44,5,1,3,3,1,1,0,2,2,2,1,2
ID1575,1,29,5,1,3,2,1,0,0,2,3,0,1,2
ID1576,1,24,5,2,3,3,1,1,0,2,3,0,1,2
ID1577,1,27,8,1,3,3,1,0,1,2,2,1,1,3
ID1578,1,41,4,1,4,3,1,1,0,3,2,0,0,2
ID1579,1,35,0,0,3,3,1,1,0,0,3,1,0,3
ID1580,1,27,10,2,3,3,1,1,0,4,2,0,0,2
ID1581,1,47,0,0,3,1,1,1,0,0,4,0,1,2
ID1582,1,41,10,2,3,3,1,1,0,2,2,2,1,2
ID1583,1,46,0,0,4,1,1,1,0,1,2,0,1,2
ID1584,1,52,0,0,2,3,1,0,1,3,3,2,0,3
ID1585,1,45,8,2,3,3,1,0,0,1,1,0,0,2
ID1586,1,40,8,2,3,3,1,1,0,2,2,2,1,2
ID1587,1,51,5,2,3,4,1,1,0,3,4,2,1,3
ID1588,1,28,5,1,3,4,1,1,0,2,2,2,1,2
ID1589,1,52,0,0,3,3,0,0,0,1,3,2,1,2
ID1590,1,52,0,0,3,4,1,0,1,2,1,1,1,3
ID1591,1,51,5,1,5,3,0,1,1,1,1,2,0,2
ID1592,1,45,0,0,3,3,1,1,0,3,2,0,0,2
ID1593,1,37,5,1,2,3,0,0,1,2,3,3,0,1
ID1594,1,56,0,0,3,2,1,1,0,0,3,1,0,2
ID1595,1,41,10,2,2,3,0,0,1,3,3,2,1,3
ID1596,1,25,0,0,3,3,1,1,0,2,2,2,0,2
ID1597,1,37,88,0,3,3,1,1,1,1,2,3,1,3
ID1598,1,39,99,0,3,3,1,1,1,3,3,1,1,2
ID1599,1,38,5,1,2,99,1,0,0,1,1,2,0,2
ID1600,1,50,0,1,2,3,1,0,1,3,3,2,0,2
ID1601,1,31,5,1,4,3,1,1,0,2,1,0,0,2
ID1602,1,31,6,2,3,3,1,0,1,2,3,2,1,3
ID1603,1,32,0,0,3,1,1,0,0,0,1,0,0,2
ID1604,1,54,88,1,2,3,1,1,0,4,4,2,0,2
ID1605,1,43,0,0,3,3,1,1,0,2,3,1,0,2
ID1606,1,36,2,1,3,3,1,1,0,3,3,1,0,2
ID1607,1,32,8,2,3,3,1,0,0,2,1,0,0,2
ID1608,1,34,99,0,3,3,1,1,0,3,3,2,1,2
ID1609,1,31,0,0,3,3,1,0,0,2,4,0,1,2
ID1610,1,28,99,0,4,3,1,1,0,0,4,3,1,2
ID1611,1,29,5,1,3,2,1,1,0,2,3,0,1,2
ID1612,1,36,5,2,3,3,1,1,0,2,1,2,1,2
ID1613,1,42,0,0,3,3,0,1,0,2,2,1,1,2
ID1614,1,22,1,2,3,3,1,1,0,2,1,0,1,2
ID1615,1,35,10,2,2,2,1,1,0,2,3,2,0,2
ID1616,1,36,0,0,1,3,1,0,0,1,1,2,1,2
ID1617,1,37,0,0,4,2,1,1,1,0,3,3,1,3
ID1618,1,52,0,0,2,2,1,0,0,0,2,2,1,2
ID1619,1,34,5,1,3,3,1,0,0,1,3,2,1,2
ID1620,1,44,10,2,2,4,1,1,0,2,2,0,0,2
ID1621,1,37,3,1,3,3,1,0,0,1,1,2,0,2
ID1622,1,53,0,0,4,3,1,1,0,0,1,0,1,3
ID1623,1,26,99,0,3,3,1,0,0,0,3,2,1,2
ID1624,1,54,0,1,2,1,1,1,0,3,,2,0,1
ID1625,1,29,4,1,4,3,1,1,0,2,3,2,0,2
ID1626,1,28,10,2,1,3,1,0,0,1,1,2,1,2
ID1627,1,41,0,0,4,2,1,1,0,0,4,2,1,2
ID1628,1,29,0,0,3,3,1,0,0,1,4,0,0,2
ID1629,1,37,8,2,3,2,1,0,0,2,2,,1,2
ID1630,1,44,0,0,3,3,1,1,0,2,2,1,0,2
ID1631,1,24,2,0,3,3,1,1,0,3,2,0,0,2
ID1632,1,33,5,2,3,3,1,1,0,2,2,2,0,2
ID1633,1,31,0,1,2,3,1,1,0,0,2,2,1,2
ID1634,1,57,8,2,3,3,1,1,0,3,3,2,0,2
ID1635,1,52,99,0,3,2,1,1,0,1,3,0,1,2
ID1636,1,37,5,2,3,3,1,0,0,1,2,0,0,2
ID1637,1,29,0,0,3,3,1,1,0,0,2,2,0,2
ID1638,1,49,5,1,3,2,1,0,0,2,4,2,0,2
ID1639,1,27,0,0,3,2,1,1,0,1,1,3,1,2
ID1640,1,35,88,0,4,3,1,1,0,0,4,1,1,3
ID1641,1,40,10,2,1,3,1,0,0,1,2,2,1,2
ID1642,1,38,5,2,3,3,1,0,0,2,4,2,0,2
ID1643,1,35,0,1,1,3,1,0,0,2,1,2,0,2
ID1644,1,59,5,2,3,2,0,1,0,2,1,1,0,2
ID1645,1,42,10,2,3,4,1,1,0,0,4,2,0,2
ID1646,1,41,5,1,4,3,1,0,1,2,2,0,0,2
ID1647,1,32,10,2,3,4,1,1,0,1,3,1,0,2
ID1648,1,51,0,0,5,2,1,0,1,4,4,,0,2
ID1649,1,37,0,0,3,3,1,1,0,0,4,2,1,3
ID1650,1,37,0,1,4,4,1,0,0,2,3,2,1,2
ID1651,1,39,5,2,2,3,1,1,0,2,3,2,0,2
ID1652,1,28,10,1,3,99,1,0,1,1,1,,1,3
ID1653,1,27,12,2,3,3,1,1,0,2,2,2,0,2
ID1654,1,37,12,2,3,3,1,1,1,3,4,2,1,3
ID1655,1,37,5,1,3,3,1,1,0,1,1,3,0,2
ID1656,1,34,0,0,3,3,1,1,0,2,2,0,0,2
ID1657,1,43,0,0,2,3,1,1,1,3,3,2,1,3
ID1658,1,31,8,1,3,3,1,1,0,1,3,2,1,2
ID1659,1,34,4,1,4,4,1,1,0,1,3,3,1,2
ID1660,1,29,0,0,1,3,1,0,1,0,2,0,0,2
ID1661,1,52,0,0,4,3,1,0,0,1,4,0,0,2
ID1662,1,29,8,2,4,3,1,1,0,2,2,2,1,2
ID1663,1,30,8,2,3,2,1,0,0,1,1,0,1,2
ID1664,1,22,0,0,3,2,1,0,0,0,1,2,0,2
ID1665,1,21,0,1,2,2,1,0,1,2,3,2,1,3
ID1666,1,23,5,2,4,3,1,0,0,1,3,3,0,2
ID1667,1,29,0,0,3,3,1,0,0,2,2,1,1,2
ID1668,1,35,5,1,2,3,1,0,1,3,2,1,1,3
ID1669,1,39,0,0,3,3,1,1,0,2,2,2,0,2
ID1670,1,38,8,2,2,3,1,1,1,3,3,2,0,2
ID1671,1,28,0,0,3,3,1,1,0,4,4,2,1,2
ID1672,1,52,0,0,1,3,0,1,0,0,4,,0,3
ID1673,1,41,5,1,1,3,1,1,0,3,1,2,1,2
ID1674,1,50,0,0,1,2,1,0,0,4,4,0,0,2
ID1675,1,29,3,1,3,3,1,1,0,2,2,2,0,2
ID1676,1,47,0,0,3,3,1,1,0,0,2,2,0,2
ID1677,1,37,0,0,3,3,1,1,0,4,2,2,0,2
ID1678,1,41,5,1,1,3,0,0,0,2,2,2,1,2
ID1679,1,53,10,2,2,3,1,0,1,3,3,2,1,3
ID1680,1,46,0,1,1,2,1,1,0,1,1,1,0,2
ID1681,1,38,0,0,3,2,1,0,0,2,3,1,1,2
ID1682,1,48,4,1,1,3,1,1,0,2,1,,1,2
ID1683,1,34,5,2,3,3,1,1,0,4,4,2,0,2
ID1684,1,45,14,2,2,2,1,0,1,3,3,2,0,2
ID1685,1,46,88,0,3,2,1,1,0,2,3,0,1,2
ID1686,1,37,5,2,3,3,1,1,0,2,2,2,1,2
ID1687,1,22,0,0,3,2,1,0,0,2,3,1,0,2
ID1688,1,40,5,1,3,3,1,1,0,2,2,1,1,2
ID1689,1,38,5,2,3,3,1,1,1,3,3,1,0,2
ID1690,1,31,12,2,3,3,1,1,0,0,4,,0,2
ID1691,1,37,0,0,3,2,0,0,0,0,2,,0,2
ID1692,1,27,3,1,5,4,1,1,0,3,1,3,0,2
ID1693,1,43,2,1,4,4,1,1,0,4,4,2,1,2
ID1694,1,22,10,2,3,3,1,1,0,1,1,0,0,2
ID1695,1,58,0,0,4,2,1,1,0,0,,,0,2
ID1696,1,36,99,0,3,3,1,1,0,2,3,0,0,2
ID1697,1,32,10,2,3,4,0,0,0,4,3,1,1,2
ID1698,1,47,88,0,4,3,1,1,0,0,3,1,0,1
ID1699,1,31,0,0,3,3,0,0,0,0,5,0,1,2
ID1700,1,53,5,2,4,3,1,1,1,2,2,2,0,1
ID1701,1,39,0,0,4,2,1,1,0,2,2,2,1,2
ID1702,1,40,5,1,4,3,1,1,0,4,2,0,0,2
ID1703,1,27,5,2,3,3,1,1,0,2,3,1,1,2
ID1704,1,27,10,2,1,99,1,1,0,1,1,2,1,2
ID1705,1,49,99,0,3,2,1,1,0,2,2,0,0,2
ID1706,1,22,0,0,3,3,1,0,0,1,2,2,0,2
ID1707,0,36,5,1,4,4,0,1,1,0,4,,1,3
ID1708,0,22,3,1,5,4,1,1,1,3,4,0,1,3
ID1709,0,35,10,2,3,4,1,1,1,4,4,,1,3
ID1710,0,37,4,1,5,4,1,1,0,2,3,2,1,2
ID1711,0,35,0,0,2,4,0,1,1,2,3,,1,3
ID1712,1,31,3,1,4,3,1,1,1,2,4,,1,3
ID1713,1,32,0,0,3,3,1,0,0,0,3,1,1,2
ID1714,1,37,3,1,3,3,1,1,1,0,3,0,1,3
ID1715,1,48,8,2,4,4,1,1,0,2,4,,1,3
ID1716,1,29,10,2,4,3,1,1,0,1,4,2,1,3
ID1717,1,35,5,1,2,4,1,1,0,1,3,1,1,3
ID1718,1,38,5,0,5,4,1,1,0,2,3,2,1,3
ID1719,1,46,3,2,4,4,1,0,0,1,4,1,1,3
ID1720,1,39,8,2,3,4,1,0,0,2,4,1,1,3
ID1721,1,52,5,1,4,4,1,0,0,1,4,2,1,3
ID1722,0,29,99,1,5,4,0,1,1,2,3,,0,2
ID1723,0,42,5,1,4,4,1,1,0,2,3,1,0,2
ID1724,0,52,2,1,5,99,1,0,0,2,3,2,0,2
ID1725,0,33,2,0,4,88,1,1,0,1,3,1,0,2
ID1726,0,29,0,0,3,4,1,0,0,2,3,,1,3
ID1727,0,38,3,1,3,4,1,0,0,3,4,0,1,3
ID1728,0,20,,,,,,,,,,,1,
ID1729,0,19,,,,,,,,,,,1,
ID1730,1,47,8,1,4,4,1,0,1,0,4,,1,3
ID1731,1,25,0,0,1,4,0,0,0,0,4,,1,2
ID1732,1,30,5,1,4,4,1,1,1,0,4,,1,2
ID1733,1,28,2,1,4,3,0,1,0,1,4,1,1,2
ID1734,1,46,0,0,3,4,1,0,0,2,4,1,1,2
ID1735,1,44,12,2,4,4,0,1,0,1,4,2,1,2
ID1736,1,23,3,1,3,3,1,0,0,2,4,2,1,2
ID1737,1,37,8,1,3,4,0,1,0,3,4,1,1,2
ID1738,1,21,2,1,3,3,1,0,0,2,4,1,1,2
ID1739,1,24,0,0,1,2,0,0,0,3,3,1,1,2
ID1740,1,39,5,1,3,4,1,1,0,2,3,2,1,2
ID1741,1,44,10,2,5,4,1,1,0,1,3,3,1,2
ID1742,1,57,3,1,3,3,1,1,0,2,4,1,1,2
ID1743,1,40,99,1,4,4,1,1,0,2,4,1,1,2
ID1744,0,20,3,1,4,4,1,1,1,3,3,,0,2
ID1745,0,33,88,0,4,4,1,0,1,2,4,,0,2
ID1746,0,37,2,0,4,4,1,0,0,1,3,1,0,2
ID1747,0,34,88,0,3,3,0,1,0,2,4,2,0,2
ID1748,1,50,99,1,4,4,0,0,0,3,4,,0,2
ID1749,1,49,8,2,5,4,1,0,1,2,4,,0,2
ID1750,1,52,3,1,4,4,1,1,0,1,4,0,0,2
ID1751,1,34,88,0,3,3,1,0,0,2,4,2,0,2
ID1752,1,41,4,1,4,4,0,1,0,,4,2,0,2
ID1753,1,50,99,0,2,3,1,0,0,2,3,1,0,2
ID1754,1,27,9,2,4,4,0,1,0,3,4,2,0,2
ID1755,1,57,88,1,4,4,1,0,0,1,4,1,0,2
ID1756,1,39,3,1,5,3,1,1,0,3,4,2,0,2
ID1757,1,36,99,1,3,4,0,0,0,0,4,1,0,2
ID1758,1,52,88,0,4,3,1,0,0,0,4,1,0,2
ID1759,1,57,88,0,5,4,1,1,0,1,4,0,0,2
ID1760,1,30,2,1,4,4,1,0,0,2,3,1,0,2
ID1761,1,37,3,1,3,3,1,1,0,0,4,0,0,2
ID1762,1,45,88,0,3,3,1,0,0,0,3,1,0,2
ID1763,1,39,99,2,5,4,1,0,0,2,3,2,0,2
ID1764,1,36,3,1,3,3,0,1,0,0,4,0,0,2
ID1765,1,33,0,0,2,4,1,1,0,0,3,1,0,2
ID1766,1,41,0,0,1,4,0,0,0,1,4,0,0,2
ID1767,1,44,88,1,4,3,1,0,0,3,4,1,0,2
ID1768,1,30,0,0,5,4,1,1,0,2,3,2,0,2
ID1769,1,48,3,1,3,4,0,1,0,2,3,0,0,2
ID1770,1,42,5,2,3,3,1,0,0,2,4,1,0,2
ID1771,1,30,10,2,2,4,1,1,0,3,4,1,0,2
ID1772,1,19,,,,,,,,,,,1,
ID1773,1,48,0,0,4,3,1,1,0,4,3,0,1,3
ID1774,1,35,0,0,3,3,1,1,0,1,3,1,1,3
ID1775,1,38,0,0,3,4,1,1,0,2,3,2,1,3
ID1776,0,19,10,2,4,3,1,1,0,1,3,2,1,3
ID1777,1,52,2,1,3,3,1,1,0,4,3,2,1,3
ID1778,1,48,3,1,2,2,1,0,0,1,2,2,1,2
ID1779,1,36,0,0,4,3,1,1,1,3,2,,1,3
ID1780,0,26,5,1,2,3,1,1,0,2,3,1,1,2
ID1781,0,45,8,2,2,4,1,1,1,2,2,1,1,3
ID1782,1,36,0,0,2,3,1,0,0,4,4,3,1,2
ID1783,0,51,5,1,2,4,1,1,0,4,3,1,1,3
ID1784,1,36,0,0,4,3,1,1,0,2,3,1,1,3
ID1785,1,45,0,0,3,3,0,1,0,4,4,2,1,2
ID1786,0,26,8,2,2,3,1,1,1,3,2,,1,3
ID1787,0,21,10,2,2,4,1,1,0,2,4,3,1,3
ID1788,1,45,10,2,3,3,1,1,0,2,1,1,1,2
ID1789,1,26,3,1,4,3,1,1,0,4,1,0,1,3
ID1790,1,41,14,2,2,4,1,1,0,2,1,2,1,2
ID1791,1,32,4,1,2,3,1,1,0,1,2,1,1,3
ID1792,1,32,7,2,3,3,1,0,0,1,2,2,1,3
ID1793,0,24,10,2,2,3,1,1,1,2,2,,1,3
ID1794,1,37,0,0,3,2,1,1,0,1,4,2,1,2
ID1795,1,41,0,0,2,4,1,1,0,0,4,2,1,2
ID1796,1,52,0,0,3,3,1,1,0,0,3,1,1,2
ID1797,1,52,3,1,4,3,0,1,0,4,1,,1,2
ID1798,1,32,8,2,4,3,1,1,0,4,4,1,1,3
ID1799,1,29,0,0,4,3,1,1,0,0,2,2,1,2
ID1800,1,22,8,2,4,4,1,1,0,3,4,3,1,3
ID1801,1,47,0,0,3,2,1,1,0,1,1,0,1,2
ID1802,1,37,0,0,3,2,1,1,0,0,3,3,1,2
ID1803,1,42,10,2,4,3,1,1,0,2,2,2,1,2
ID1804,0,33,12,2,2,3,1,1,0,4,2,3,1,2
ID1805,1,39,0,0,4,3,1,1,0,3,1,1,1,2
ID1806,1,33,0,0,4,3,0,1,0,0,1,2,1,2
ID1807,1,43,0,0,3,3,1,1,1,0,4,1,1,2
ID1808,1,41,5,1,3,3,1,1,0,3,2,1,1,2
ID1809,1,37,0,0,3,3,1,1,0,2,2,2,1,2
ID1810,1,26,0,0,2,4,1,0,1,1,4,2,1,2
ID1811,0,41,9,2,3,3,1,1,0,4,2,0,1,2
ID1812,1,42,0,0,4,3,1,1,1,2,1,2,1,2
ID1813,1,50,0,0,2,3,0,1,0,1,1,1,1,3
ID1814,1,35,0,0,3,3,1,1,0,0,3,3,1,2
ID1815,0,35,0,0,3,3,1,1,0,4,4,2,1,3
ID1816,1,23,,,,,,,,,,,0,
ID1817,1,19,,,,,,,,,,,0,
ID1818,1,23,,,,,,,,,,,0,
ID1819,1,17,,,,,,,,,,,0,
ID1820,1,22,,,,,,,,,,,0,
ID1821,1,37,0,0,2,3,1,1,0,0,4,2,0,2
ID1822,1,44,0,0,4,3,1,1,0,3,2,2,0,2
ID1823,1,29,4,1,3,4,1,1,1,2,4,,0,2
ID1824,1,53,0,0,3,3,1,1,1,2,3,1,0,1
ID1825,1,44,0,0,3,3,1,1,0,2,4,3,0,2
ID1826,0,27,10,2,2,3,1,1,0,3,4,2,0,2
ID1827,0,55,12,2,3,3,1,1,0,3,4,1,0,2
ID1828,0,22,10,2,3,3,1,1,1,4,1,2,0,1
ID1829,1,44,10,2,3,3,1,1,0,4,4,3,0,2
ID1830,1,27,8,2,4,2,1,0,0,2,2,0,0,2
ID1831,0,46,14,2,4,3,1,1,1,2,3,1,0,2
ID1832,1,39,8,2,2,3,1,1,1,4,2,1,0,1
ID1833,1,42,6,1,2,3,1,1,1,4,3,,0,2
ID1834,0,38,8,2,4,4,1,1,1,1,1,,0,2
ID1835,1,28,14,2,3,3,1,1,1,2,3,3,0,1
ID1836,1,28,10,2,4,3,1,1,0,2,4,2,0,2
ID1837,1,31,11,2,2,4,1,1,0,1,2,2,0,2
ID1838,0,44,12,2,4,3,1,1,0,3,2,3,0,1
ID1839,1,35,0,0,3,3,1,1,0,0,4,1,0,2
ID1840,1,50,0,0,3,3,1,1,1,1,1,3,0,2
ID1841,1,37,0,0,4,2,1,1,0,3,2,1,0,1
ID1842,1,29,4,1,2,3,1,0,0,4,2,1,0,2
ID1843,1,27,3,1,3,3,1,1,1,2,1,,0,2
ID1844,1,28,8,2,3,3,1,1,0,2,4,3,0,2
ID1845,1,30,0,0,3,2,1,1,0,1,2,3,0,2
ID1846,1,49,0,0,4,3,1,1,0,4,2,1,0,2
ID1847,1,34,0,0,3,3,1,1,0,3,1,1,0,1
ID1848,0,27,10,2,4,3,1,1,1,2,4,,0,2
ID1849,1,32,0,0,3,3,1,1,0,1,4,3,0,2
ID1850,1,35,0,0,2,3,0,1,0,4,2,1,0,2
ID1851,1,49,0,0,4,3,1,1,0,1,4,2,0,2
ID1852,0,39,12,2,3,3,1,1,1,2,2,1,0,2
ID1853,1,55,0,0,3,3,1,1,0,4,3,1,0,2
ID1854,1,34,0,0,2,3,1,1,1,1,3,2,0,2
ID1855,1,55,0,0,3,3,1,1,1,4,1,2,0,2
ID1856,1,37,0,0,2,3,1,0,0,4,4,2,0,2
ID1857,1,26,0,0,2,3,1,1,0,3,3,2,0,2
ID1858,1,50,5,1,2,3,1,1,1,2,2,1,0,2
ID1859,0,27,12,2,3,3,1,1,0,4,3,1,0,2
ID1860,1,50,0,0,4,3,1,1,1,3,2,,0,2
ID1861,0,52,0,0,3,3,1,1,1,0,2,,1,3
ID1862,0,33,7,2,4,3,1,0,1,0,2,,1,3
ID1863,1,32,5,0,2,3,1,1,1,0,3,,1,3
ID1864,1,49,0,0,1,3,1,0,1,0,2,,1,3
ID1865,0,43,0,0,1,4,1,0,1,4,1,0,1,3
ID1866,0,19,0,0,2,4,1,0,1,4,1,0,1,3
ID1867,1,42,0,0,2,3,1,0,1,4,3,0,1,3
ID1868,1,40,0,0,2,3,0,0,1,4,2,,1,3
ID1869,0,48,8,1,2,4,0,1,1,3,2,0,1,3
ID1870,0,47,10,2,3,4,1,1,0,2,2,2,1,2
ID1871,0,43,0,0,3,4,1,1,0,2,2,2,1,2
ID1872,0,22,5,2,3,4,1,1,0,2,2,2,1,3
ID1873,0,52,10,2,2,4,1,0,0,1,1,2,1,2
ID1874,0,28,3,1,3,3,1,0,0,2,2,1,1,2
ID1875,0,35,8,2,3,3,0,1,0,2,1,1,1,2
ID1876,0,33,0,0,3,3,1,1,0,2,2,2,1,2
ID1877,0,32,5,2,4,3,1,1,0,2,2,2,1,2
ID1878,0,28,4,0,4,4,1,0,0,2,4,1,1,2
ID1879,0,27,2,0,3,4,1,0,0,3,2,1,1,2
ID1880,0,21,2,2,3,3,1,1,0,2,2,1,1,2
ID1881,0,35,10,2,3,4,1,0,0,2,3,1,1,2
ID1882,0,39,10,2,3,3,1,1,1,2,4,2,1,2
ID1883,1,54,0,0,3,4,1,0,0,1,1,2,1,2
ID1884,1,46,8,2,2,3,1,0,1,2,2,2,1,2
ID1885,1,26,10,2,2,4,1,1,0,3,3,2,1,2
ID1886,1,42,10,2,2,3,1,1,0,3,3,2,1,3
ID1887,1,37,5,1,3,3,1,0,0,1,1,1,1,3
ID1888,1,32,10,2,2,4,1,0,0,3,3,2,1,2
ID1889,1,33,8,2,2,2,0,0,0,1,1,1,1,2
ID1890,1,51,99,0,2,3,1,0,0,3,3,1,1,2
ID1891,1,54,10,2,2,3,1,0,0,3,3,1,1,3
ID1892,1,43,88,0,2,4,1,1,0,3,3,,1,3
ID1893,1,24,7,2,2,3,0,1,0,3,3,,1,3
ID1894,1,35,2,0,2,3,1,0,0,3,3,0,1,3
ID1895,1,28,0,0,2,4,1,0,0,1,1,0,1,3
ID1896,1,36,10,2,2,4,1,1,0,3,3,,1,3
ID1897,1,48,88,0,2,4,1,1,0,3,3,,1,3
ID1898,1,46,2,0,2,4,1,1,0,1,1,2,1,2
ID1899,1,53,3,0,1,2,1,0,0,2,2,2,1,3
ID1900,1,29,99,0,2,3,1,0,0,3,3,2,1,2
ID1901,1,48,0,0,3,4,1,1,0,1,1,1,1,2
ID1902,1,55,0,0,3,3,1,0,0,3,2,1,1,3
ID1903,1,29,4,2,2,4,1,0,0,3,3,2,1,2
ID1904,0,37,0,0,3,4,1,1,0,0,2,2,0,2
ID1905,0,22,88,0,2,4,0,0,0,0,1,2,0,2
ID1906,0,33,88,0,1,4,1,0,0,0,2,1,0,2
ID1907,1,57,0,0,1,4,1,0,0,0,3,0,0,2
ID1908,1,45,0,0,1,4,1,0,0,0,3,0,0,2
ID1909,1,39,3,0,2,4,0,0,0,0,3,2,0,2
ID1910,1,54,0,0,2,99,1,0,1,0,3,,0,2
ID1911,1,32,0,0,2,4,1,0,0,0,3,2,0,2
ID1912,1,23,1,0,2,3,1,0,0,4,1,2,0,2
ID1913,1,45,0,0,1,3,1,0,0,4,2,1,0,2
ID1914,0,45,5,2,3,3,0,0,0,4,2,,0,2
ID1915,0,41,0,0,3,3,1,1,0,2,2,2,0,2
ID1916,0,23,0,0,3,4,0,0,0,3,2,1,0,2
ID1917,0,41,0,0,2,3,1,0,1,1,1,,0,2
ID1918,0,29,10,2,3,3,0,1,0,2,2,2,0,2
ID1919,0,33,5,2,3,3,1,1,0,2,2,2,0,2
ID1920,0,51,0,0,3,4,0,0,0,2,2,2,0,2
ID1921,0,35,5,2,2,4,0,0,0,4,3,,0,2
ID1922,0,29,10,2,1,4,1,0,0,1,1,1,0,2
ID1923,0,46,0,0,3,3,1,1,0,2,2,2,0,2
ID1924,0,25,2,1,3,4,1,1,0,2,2,1,0,2
ID1925,0,37,3,0,2,4,1,1,0,3,4,1,0,2
ID1926,0,35,2,0,2,4,1,1,0,2,1,1,0,2
ID1927,0,22,3,2,3,3,1,1,0,2,2,2,0,2
ID1928,0,28,9,2,2,4,1,1,0,2,2,0,0,2
ID1929,1,47,0,0,1,3,1,0,1,3,1,,0,0
ID1930,1,33,2,0,2,3,1,1,0,2,3,2,0,2
ID1931,1,34,5,1,2,2,1,1,1,3,3,0,0,2
ID1932,1,33,5,2,2,3,1,1,1,3,3,,0,2
ID1933,1,34,8,2,2,3,0,0,1,3,3,,0,2
ID1934,1,29,0,0,3,3,1,0,1,1,1,,0,2
ID1935,1,36,0,0,2,3,1,0,1,3,3,,0,3
ID1936,1,52,10,2,2,3,1,1,1,3,3,,0,2
ID1937,1,29,0,1,2,3,1,0,0,1,1,3,0,2
ID1938,1,28,0,1,2,3,1,0,0,3,3,2,0,2
ID1939,1,36,99,0,2,3,1,1,0,3,3,2,0,2
ID1940,1,37,0,0,2,3,1,0,0,3,3,2,0,2
ID1941,1,39,88,0,2,3,1,1,0,3,3,2,0,2
ID1942,1,44,3,0,3,3,1,1,0,3,3,2,0,2
ID1943,1,42,0,0,2,3,1,0,0,1,2,2,0,2
ID1944,1,48,0,0,2,3,1,0,0,3,3,2,0,2
ID1945,1,37,1,0,3,4,1,1,0,2,3,1,0,2
ID1946,0,23,8,2,3,3,1,1,0,3,2,2,1,2
ID1947,0,30,10,2,4,3,1,0,0,3,2,2,1,2
ID1948,0,29,8,2,3,3,1,0,0,2,3,2,1,2
ID1949,0,27,0,0,3,2,1,0,0,4,4,0,0,2
ID1950,0,23,12,2,3,3,1,0,0,2,2,2,0,2
ID1951,0,38,8,2,3,4,1,1,0,3,3,,0,2
ID1952,0,26,9,2,4,4,1,1,1,1,2,2,0,2
ID1953,1,39,12,2,3,2,1,0,0,2,3,2,1,2
ID1954,1,49,5,2,2,2,1,0,0,2,4,2,1,2
ID1955,1,27,0,0,3,3,1,0,0,2,3,1,1,2
ID1956,1,37,0,0,4,2,1,1,0,2,3,0,1,3
ID1957,1,48,10,2,3,3,1,0,0,3,3,2,1,2
ID1958,1,31,5,1,3,3,1,1,0,3,4,3,1,2
ID1959,1,39,0,0,4,3,1,1,0,3,3,2,1,2
ID1960,1,30,0,0,3,4,1,0,0,2,2,1,1,2
ID1961,1,40,0,0,3,3,1,0,0,3,4,0,1,3
ID1962,1,53,0,0,3,3,1,1,0,4,3,1,1,2
ID1963,1,30,0,0,2,3,1,1,0,2,3,2,1,2
ID1964,1,57,0,0,3,3,1,0,0,2,1,0,1,3
ID1965,1,44,0,0,3,3,1,1,0,3,3,2,0,2
ID1966,1,37,0,0,4,3,1,1,0,0,4,1,0,2
ID1967,1,31,0,0,3,2,1,0,0,1,2,,0,1
ID1968,1,33,0,0,3,3,1,1,0,3,4,2,0,2
ID1969,1,38,5,2,3,3,1,1,0,2,3,1,0,3
ID1970,1,39,0,0,4,2,1,0,0,1,1,0,0,2
ID1971,1,59,0,0,2,2,1,0,0,2,3,2,0,2
ID1972,1,28,5,1,4,4,1,0,0,1,2,2,1,2
ID1973,1,44,0,0,3,3,1,1,0,0,3,3,1,2
ID1974,1,47,2,1,3,3,1,1,0,4,2,1,1,2
ID1975,1,29,1,1,2,3,1,1,1,1,4,3,1,3
ID1976,1,25,3,1,4,3,1,1,0,1,4,2,1,2
ID1977,1,49,2,1,3,4,1,1,0,3,2,0,1,2
ID1978,1,21,0,0,4,3,1,1,0,0,2,2,0,2
ID1979,1,40,5,2,2,3,1,1,1,3,3,1,0,2
ID1980,1,35,0,0,2,4,1,1,0,3,4,2,0,2
ID1981,1,23,3,2,4,3,1,1,0,2,1,1,0,2
ID1982,1,22,,,,,,,,,,,1,
ID1983,1,22,,,,,,,,,,,1,
ID1984,1,22,,,,,,,,,,,1,
ID1985,1,22,,,,,,,,,,,1,
ID1986,1,22,,,,,,,,,,,0,
ID1987,1,30,5,1,3,3,1,1,0,3,3,0,1,3
ID1988,1,28,5,2,2,2,0,1,0,1,1,0,1,2
ID1989,1,48,5,1,3,3,1,1,0,4,2,2,1,3
ID1990,1,59,0,0,4,3,1,1,0,4,4,2,1,3
ID1991,1,34,5,2,4,3,1,1,0,2,3,2,1,3
ID1992,1,35,0,0,3,2,1,1,0,1,3,1,1,2
ID1993,1,36,0,0,3,3,1,1,0,2,3,1,1,2
ID1994,1,39,0,0,3,3,1,0,0,2,3,1,1,2
ID1995,1,47,5,1,3,3,1,1,0,4,2,0,1,1
ID1996,1,37,0,0,2,2,1,1,0,2,4,2,1,2
ID1997,1,51,0,0,2,3,1,0,0,4,3,3,1,2
ID1998,1,47,0,0,3,4,1,1,0,2,2,3,1,2
ID1999,1,29,8,2,2,3,1,0,1,4,1,1,1,2
ID2000,1,58,0,0,4,2,1,1,0,4,2,3,1,2
ID2001,1,54,0,0,3,3,1,1,0,2,3,1,1,2
ID2002,1,27,88,0,3,3,1,1,0,2,3,2,0,1
ID2003,1,35,99,0,3,3,1,1,0,1,2,3,0,2
ID2004,1,37,0,0,4,3,1,1,0,2,3,2,0,2
ID2005,1,29,0,0,2,2,0,0,0,2,4,2,0,2
ID2006,1,37,5,2,4,2,1,1,0,2,4,2,0,2
ID2007,1,54,0,0,3,2,1,0,0,2,2,2,0,2
ID2008,1,33,10,2,3,4,1,1,0,2,1,0,0,1
ID2009,1,40,0,0,3,3,1,1,0,2,4,2,1,2
ID2010,1,36,0,0,2,3,1,1,0,0,3,2,1,2
ID2011,1,42,2,1,4,3,1,1,0,3,3,1,1,2
ID2012,1,39,1,1,2,3,0,1,0,2,4,3,1,2
ID2013,1,51,5,2,3,3,1,1,0,3,1,,1,2
ID2014,1,49,4,1,4,4,1,1,1,2,1,1,1,3
ID2015,1,55,0,0,2,3,1,1,0,2,4,0,1,2
ID2016,1,37,0,0,4,3,1,1,0,0,2,,1,2
ID2017,1,53,5,2,3,4,1,1,0,2,3,3,1,3
ID2018,1,37,5,2,2,3,1,0,0,3,2,,0,2
ID2019,1,31,2,1,4,3,1,1,0,1,3,2,0,2
ID2020,1,40,0,0,2,3,1,1,1,2,2,0,0,1
ID2021,1,36,0,0,4,3,1,0,0,0,1,1,0,2
ID2022,1,32,3,1,3,3,1,1,0,4,4,0,0,2
ID2023,1,31,0,0,3,4,1,0,0,3,2,1,0,2
ID2024,1,40,1,1,2,3,0,1,0,2,1,0,0,1
ID2025,1,41,3,1,3,3,1,1,0,2,3,1,0,2
ID2026,1,55,1,1,3,4,1,1,0,3,1,0,0,2
ID2027,1,46,2,2,2,3,1,1,0,3,2,0,0,2
ID2028,1,49,4,2,4,3,1,1,0,1,4,0,0,2
ID2029,1,37,3,2,3,4,1,1,0,1,4,2,0,2
ID2030,1,49,4,2,2,3,1,1,0,1,4,,0,2
ID2031,1,34,4,1,2,4,1,1,0,2,3,3,0,2
ID2032,1,29,0,0,4,3,1,1,0,4,1,2,0,2
ID2033,1,45,1,0,2,3,1,1,0,1,1,2,0,2
ID2034,1,26,0,0,4,4,1,0,0,0,3,1,0,2
ID2035,1,42,1,1,2,4,1,1,0,2,3,1,0,2
ID2036,1,46,3,1,2,3,1,1,0,2,1,2,0,2
ID2037,1,39,3,2,4,3,1,0,0,1,1,,0,1
ID2038,1,26,0,0,4,3,1,1,0,2,4,2,0,2
ID2039,1,41,4,2,3,3,1,1,1,4,2,2,0,2
ID2040,1,29,4,2,2,4,1,1,0,3,2,3,0,1
ID2041,1,34,5,2,2,3,1,1,0,4,4,2,0,2
ID2042,1,35,1,2,4,3,1,1,0,2,3,1,0,2
ID2043,1,29,4,1,3,4,1,1,0,3,2,0,0,2
ID2044,1,32,88,0,4,1,0,1,0,0,4,2,0,1
ID2045,1,36,88,0,3,3,1,1,1,0,4,3,1,3
ID2046,1,28,88,0,4,2,1,0,0,0,2,2,1,3
ID2047,1,55,0,0,1,1,1,0,0,0,3,2,0,2
ID2048,1,33,0,0,4,4,1,0,0,0,3,3,0,2
ID2049,0,27,5,2,3,2,1,0,1,3,5,2,0,2
ID2050,1,26,5,0,3,2,1,0,0,1,1,,0,2
ID2051,1,57,0,0,3,2,1,0,0,0,4,,1,3
ID2052,1,37,0,0,4,2,1,0,0,0,2,0,1,2
ID2053,1,37,0,0,2,2,1,0,0,3,4,2,0,2
ID2054,1,46,88,0,4,3,1,0,1,0,2,2,0,2
ID2055,1,27,0,0,2,2,1,0,0,0,2,0,1,3
ID2056,1,47,0,0,1,99,1,0,0,1,1,2,1,2
ID2057,1,36,0,0,5,2,1,0,0,0,1,0,0,2
ID2058,1,35,0,0,5,1,1,0,1,0,5,,0,2
ID2059,1,41,0,0,3,3,1,0,0,2,3,1,1,2
ID2060,1,36,0,0,3,4,1,1,0,2,3,1,0,2
ID2061,1,52,0,0,3,4,1,0,0,4,3,1,1,3
ID2062,1,28,8,2,3,4,1,0,0,1,3,0,1,2
ID2063,1,30,0,0,3,3,1,0,0,0,5,3,0,2
ID2064,1,28,0,0,3,3,1,0,0,0,2,3,0,2
ID2065,1,32,0,0,1,4,1,1,0,1,1,,0,2
ID2066,1,49,0,0,3,1,1,0,0,0,2,,1,3
ID2067,1,30,0,0,3,3,1,0,1,0,2,3,0,2
ID2068,0,27,5,1,3,3,1,1,0,4,2,,1,3
ID2069,1,35,0,0,2,4,1,1,0,1,4,,0,2
ID2070,1,36,0,0,2,1,1,0,1,1,3,2,0,2
ID2071,1,33,0,0,3,2,1,1,0,2,1,0,1,3
ID2072,1,24,5,1,3,2,1,0,0,1,2,,1,2
ID2073,1,36,0,0,3,4,1,0,0,3,4,,1,3
ID2074,1,51,0,0,4,3,1,0,0,0,4,3,1,3
ID2075,1,55,0,0,3,2,1,1,0,1,1,3,1,3
ID2076,1,55,0,0,3,2,1,1,0,0,4,3,0,2
ID2077,1,47,88,0,2,3,1,0,0,0,2,,1,2
ID2078,1,18,88,0,4,3,1,0,0,0,3,3,1,3
ID2079,1,48,0,0,3,4,1,1,0,0,3,0,1,3
ID2080,1,49,88,0,3,4,1,1,0,0,4,0,1,3
ID2081,1,24,14,2,3,4,1,1,0,4,1,,0,2
ID2082,1,42,88,0,3,4,1,1,0,2,3,0,0,2
ID2083,1,34,0,0,3,3,1,0,0,0,4,1,1,3
ID2084,1,54,0,0,4,3,1,1,0,0,4,,1,2
ID2085,1,51,0,0,3,3,1,1,0,1,1,3,1,2
ID2086,1,30,0,0,4,4,1,1,0,2,3,0,1,2
ID2087,1,38,88,0,3,3,1,0,0,0,5,0,1,3
ID2088,1,27,0,0,4,2,1,0,0,1,1,0,0,2
ID2089,1,40,0,0,2,3,1,0,0,0,3,2,0,2
ID2090,1,26,0,0,1,4,1,0,0,3,3,1,0,2
ID2091,1,35,0,0,3,3,1,1,0,0,4,1,0,2
ID2092,0,29,,,,,,,,,,,1,
ID2093,1,44,,,,,,,,,,,0,
ID2094,0,26,,,,,,,,,,,0,
ID2095,1,27,5,0,2,3,1,1,1,1,3,,1,3
ID2096,1,27,0,0,2,3,0,1,0,2,3,1,0,2
ID2097,1,25,3,1,5,3,1,1,1,1,1,0,1,3
ID2098,1,27,0,0,3,4,1,1,0,0,2,2,0,2
ID2099,1,27,2,0,3,4,1,1,1,0,4,,1,3
ID2100,1,25,0,0,2,3,1,0,1,2,2,0,0,2
ID2101,1,25,2,0,3,3,1,0,0,3,2,0,1,3
ID2102,0,27,0,0,4,4,1,0,0,4,4,1,0,2
ID2103,1,25,0,0,2,4,1,1,1,4,3,,1,3
ID2104,0,27,2,1,4,4,1,0,0,2,1,1,0,2
ID2105,1,27,2,0,3,3,1,0,0,4,3,,1,3
ID2106,1,25,0,1,2,3,1,0,0,3,1,1,0,2
ID2107,1,25,1,0,4,3,1,1,0,3,4,1,1,2
ID2108,1,25,0,0,4,4,1,0,0,3,3,2,0,2
ID2109,1,25,5,2,1,3,1,0,0,2,4,2,1,2
ID2110,1,27,2,1,4,4,1,0,0,1,4,,0,2
ID2111,1,25,4,1,2,3,1,0,0,3,1,3,1,2
ID2112,1,27,4,2,2,3,1,1,0,0,3,1,0,2
ID2113,1,25,2,1,4,4,1,1,0,0,4,2,1,2
ID2114,1,27,3,1,3,4,1,0,0,0,3,0,0,2
ID2115,1,25,3,0,3,3,1,0,0,0,3,1,1,2
ID2116,1,27,1,0,2,3,1,0,0,4,1,,0,2
ID2117,1,27,0,0,5,4,1,1,0,0,1,3,1,2
ID2118,1,27,3,1,4,3,1,1,0,2,3,1,0,2
ID2119,1,27,8,2,4,3,1,1,0,2,4,,1,3
ID2120,1,27,3,0,4,4,1,1,1,3,4,,0,2
ID2121,1,25,12,2,2,4,1,1,1,3,1,,1,3
ID2122,1,27,0,1,4,4,1,1,0,0,2,1,0,2
ID2123,1,27,2,1,3,3,1,0,1,1,3,,1,3
ID2124,1,27,3,1,4,4,1,0,0,2,3,0,0,2
ID2125,1,25,2,0,2,4,1,0,0,3,4,1,1,2
ID2126,1,27,1,1,3,3,1,1,1,3,3,0,0,2
ID2127,1,27,0,0,2,4,1,0,0,0,3,1,1,2
ID2128,1,25,1,0,4,3,1,0,0,3,3,2,0,2
ID2129,1,27,2,0,4,4,1,1,0,0,1,1,1,2
ID2130,1,25,0,0,4,3,0,1,0,0,4,0,0,2
ID2131,1,27,4,1,3,3,1,1,0,0,4,0,1,2
ID2132,0,27,2,0,2,4,1,1,0,0,2,1,0,2
ID2133,1,27,0,0,1,4,1,0,0,3,1,1,1,2
ID2134,1,27,7,2,2,4,1,0,0,3,1,3,0,2
ID2135,1,27,1,0,3,4,1,1,0,4,3,2,1,2
ID2136,1,27,5,2,2,4,0,1,0,0,3,0,0,2
ID2137,1,27,3,0,4,3,1,0,0,0,2,1,1,2
ID2138,1,27,10,2,3,4,1,1,0,2,1,0,0,2
ID2139,1,27,2,1,3,3,1,0,0,0,1,1,1,2
ID2140,1,27,0,0,4,3,1,0,0,0,4,,0,2
ID2141,1,27,1,1,4,4,1,1,0,3,1,1,1,2
ID2142,1,25,2,0,2,4,0,0,0,2,2,1,0,2
ID2143,1,41,0,0,3,99,1,0,0,2,1,,1,3
ID2144,1,36,10,2,1,2,0,0,0,1,1,,1,2
ID2145,1,52,0,0,1,88,0,0,1,2,1,,1,3
ID2146,1,54,0,0,4,2,1,0,1,3,3,,1,3
ID2147,1,29,0,0,1,2,1,0,0,2,4,,0,2
ID2148,1,33,0,0,1,99,0,0,0,0,1,,0,2
ID2149,1,47,0,0,2,2,0,1,0,1,3,,0,2
ID2150,1,40,5,1,1,2,1,0,1,1,3,,0,2
ID2151,1,29,0,0,3,2,1,0,0,1,4,,1,2
ID2152,1,52,0,0,1,4,0,1,1,2,1,,1,3
ID2153,1,29,0,0,2,2,1,1,1,0,4,,0,2
ID2154,1,32,0,0,1,1,0,0,1,1,1,,1,2
ID2155,1,37,0,0,4,2,1,0,0,0,4,,0,2
ID2156,1,56,0,0,2,99,1,0,1,0,2,0,1,3
ID2157,1,37,0,0,3,2,1,0,0,1,1,3,0,2
ID2158,1,31,0,0,3,2,1,0,0,1,2,3,1,2
ID2159,1,35,0,0,3,2,1,1,0,0,3,3,1,2
ID2160,1,28,0,0,4,2,1,1,0,1,4,3,0,2
ID2161,1,37,5,2,2,1,1,1,1,1,3,2,0,2
ID2162,0,37,0,0,3,2,1,1,0,4,2,0,1,2
ID2163,1,38,6,0,3,1,1,0,0,1,4,0,1,2
ID2164,1,44,0,0,3,2,1,0,0,0,3,2,0,2
ID2165,0,38,3,2,4,1,1,0,0,0,2,2,1,2
ID2166,1,47,0,0,2,2,1,0,1,1,3,2,1,3
ID2167,1,37,5,2,2,1,1,0,1,1,3,2,1,3
ID2168,1,32,0,0,2,2,1,0,1,1,3,2,1,3
ID2169,1,47,0,0,2,2,1,0,1,1,3,2,0,2
ID2170,1,43,0,0,2,2,1,1,1,1,3,2,0,2
ID2171,1,31,88,0,2,2,1,0,0,0,4,0,1,3
ID2172,1,29,0,0,3,2,1,0,0,0,2,3,1,2
ID2173,1,28,0,0,3,2,1,0,0,0,3,3,1,3
ID2174,1,48,0,0,3,2,1,0,0,4,4,3,1,2
ID2175,1,33,7,2,3,2,1,1,1,1,3,0,1,3
ID2176,1,39,0,0,4,1,1,0,1,0,1,0,1,2
ID2177,1,39,0,0,4,2,1,0,0,1,1,3,0,2
ID2178,1,41,0,0,4,2,1,0,0,1,3,2,0,2
ID2179,1,45,0,0,1,3,1,0,0,0,3,3,0,2
ID2180,1,39,0,0,3,2,1,0,0,1,4,3,0,2
ID2181,1,39,0,0,4,2,1,0,0,0,3,3,0,2
ID2182,1,51,0,0,4,2,1,1,0,0,1,3,0,2
ID2183,1,40,0,0,3,2,1,1,0,2,3,1,0,2
ID2184,1,42,8,2,3,2,1,1,0,2,2,2,0,2
ID2185,1,39,0,0,2,1,1,0,0,2,3,1,1,3
ID2186,1,38,0,0,3,1,1,0,0,2,2,2,1,3
ID2187,1,32,0,0,2,1,1,0,1,3,3,2,0,2
ID2188,1,39,0,1,3,1,1,0,0,2,2,2,0,2
ID2189,1,39,0,0,3,2,1,1,0,2,2,2,1,2
ID2190,1,50,0,0,3,2,1,1,0,0,2,2,1,2
ID2191,1,39,12,2,3,3,1,0,0,2,2,2,0,2
ID2192,1,29,0,0,3,2,1,1,0,0,2,2,0,2
ID2193,0,25,88,0,3,2,1,0,1,0,3,2,1,2
ID2194,0,29,8,2,3,2,1,0,0,1,2,1,1,2
ID2195,0,28,88,0,3,1,1,0,0,0,2,2,0,2
ID2196,0,50,88,0,4,2,1,0,0,0,2,2,0,2
ID2197,0,18,12,2,4,2,1,0,0,1,2,2,1,2
ID2198,0,44,0,0,1,1,1,0,0,1,1,2,1,2
ID2199,1,42,0,0,1,99,1,0,0,2,2,0,1,2
ID2200,1,37,0,0,1,2,1,0,0,1,1,2,1,2
ID2201,1,31,0,0,1,2,1,0,0,1,1,0,1,2
ID2202,1,37,10,2,1,1,1,1,0,1,1,2,1,2
ID2203,1,45,0,0,1,88,1,0,0,0,4,0,0,1
ID2204,1,31,0,0,1,1,0,0,0,1,1,2,0,2
ID2205,1,33,0,0,1,2,1,0,0,2,2,2,0,2
ID2206,1,27,8,2,1,2,1,0,0,1,1,2,0,2
ID2207,1,27,0,0,1,2,1,0,0,0,1,1,0,2
ID2208,0,30,5,2,3,2,1,1,0,0,2,2,0,2
ID2209,1,35,0,0,3,99,1,0,0,0,3,0,1,2
ID2210,0,25,8,2,3,2,1,0,0,4,2,3,0,2
ID2211,1,57,0,0,1,99,1,0,0,0,4,0,0,2
ID2212,1,43,0,0,1,1,1,0,0,1,1,0,0,2
ID2213,1,48,0,0,1,2,1,1,0,1,2,1,1,2
ID2214,1,29,0,0,1,2,1,0,0,1,1,2,1,2
ID2215,1,49,0,0,2,99,1,0,0,0,3,0,0,2
ID2216,1,34,0,1,1,2,1,0,0,0,4,0,0,2
ID2217,1,47,88,0,4,2,1,1,0,4,3,3,0,2
ID2218,1,46,,,,,,,,,,,1,
ID2219,0,22,,,,,,,,,,,1,
ID2220,0,22,,,,,,,,,,,0,
